blob,exports,arch,bits,endian,machine,osabi,has_sensor_open_lib,has_eeprom_open_lib,has_actuator_open_lib,deps
android.hardware.bluetooth@1.0-impl-qti.so,630,arch     arm,bits     64,endian   little,machine  ARM aarch64,os       android,False,False,False,[Linked libraries];libbase.so;libcutils.so;libhidlbase.so;liblog.so;libutils.so;libdiag.so;libqmiservices.so;libqmi_cci.so;libbtnv.so;android.hardware.bluetooth@1.0.so;libsoc_helper.so;libc++.so;libc.so;libm.so;libdl.so;15 libraries
com.dsi.ant@1.0-impl.so,18,arch     arm,bits     64,endian   little,machine  ARM aarch64,os       android,False,False,False,[Linked libraries];libbase.so;libcutils.so;libhidlbase.so;liblog.so;libutils.so;com.dsi.ant@1.0.so;android.hardware.bluetooth@1.0.so;android.hardware.bluetooth@1.0-impl-qti.so;libc++.so;libc.so;libm.so;libdl.so;12 libraries
com.qualcomm.qti.dpm.api@1.0.so,192,arch     arm,bits     64,endian   little,machine  ARM aarch64,os       android,False,False,False,[Linked libraries];libhidlbase.so;liblog.so;libutils.so;libcutils.so;libc++.so;libc.so;libm.so;libdl.so;8 libraries
com.qualcomm.qti.imscmservice@2.0.so,340,arch     arm,bits     64,endian   little,machine  ARM aarch64,os       android,False,False,False,[Linked libraries];libhidlbase.so;liblog.so;libutils.so;libcutils.so;libc++.so;libc.so;libm.so;libdl.so;8 libraries
com.qualcomm.qti.imscmservice@2.1.so,301,arch     arm,bits     64,endian   little,machine  ARM aarch64,os       android,False,False,False,[Linked libraries];com.qualcomm.qti.imscmservice@2.0.so;libhidlbase.so;liblog.so;libutils.so;libcutils.so;libc++.so;libc.so;libm.so;libdl.so;9 libraries
com.qualcomm.qti.imscmservice@2.2.so,172,arch     arm,bits     64,endian   little,machine  ARM aarch64,os       android,False,False,False,[Linked libraries];com.qualcomm.qti.imscmservice@2.0.so;com.qualcomm.qti.imscmservice@2.1.so;libhidlbase.so;liblog.so;libutils.so;libcutils.so;libc++.so;libc.so;libm.so;libdl.so;10 libraries
com.qualcomm.qti.uceservice@2.0.so,512,arch     arm,bits     64,endian   little,machine  ARM aarch64,os       android,False,False,False,[Linked libraries];libhidlbase.so;liblog.so;libutils.so;libcutils.so;libc++.so;libc.so;libm.so;libdl.so;8 libraries
com.qualcomm.qti.uceservice@2.1.so,411,arch     arm,bits     64,endian   little,machine  ARM aarch64,os       android,False,False,False,[Linked libraries];com.qualcomm.qti.uceservice@2.0.so;libhidlbase.so;liblog.so;libutils.so;libcutils.so;libc++.so;libc.so;libm.so;libdl.so;9 libraries
com.qualcomm.qti.uceservice@2.2.so,355,arch     arm,bits     64,endian   little,machine  ARM aarch64,os       android,False,False,False,[Linked libraries];com.qualcomm.qti.uceservice@2.0.so;com.qualcomm.qti.uceservice@2.1.so;libhidlbase.so;liblog.so;libutils.so;libcutils.so;libc++.so;libc.so;libm.so;libdl.so;10 libraries
com.qualcomm.qti.uceservice@2.3.so,483,arch     arm,bits     64,endian   little,machine  ARM aarch64,os       android,False,False,False,[Linked libraries];com.qualcomm.qti.uceservice@2.0.so;com.qualcomm.qti.uceservice@2.1.so;com.qualcomm.qti.uceservice@2.2.so;libhidlbase.so;liblog.so;libutils.so;libcutils.so;libc++.so;libc.so;libm.so;libdl.so;11 libraries
consumerir.msm8953.so,7,arch     arm,bits     64,endian   little,machine  ARM aarch64,os       android,False,False,False,[Linked libraries];liblog.so;libcutils.so;libc++.so;libdl.so;libc.so;libm.so;6 libraries
dirac_resource.so,187,arch     hexagon,bits     32,endian   little,machine  QUALCOMM DSP6 Processor,os       linux,False,False,False,[Linked libraries];0 library
eglSubDriverAndroid.so,5,arch     arm,bits     16,endian   little,machine  ARM,os       android,False,False,False,[Linked libraries];libEGL_adreno.so;libcutils.so;libhardware.so;libgsl.so;vendor.qti.hardware.display.mapper@2.0.so;vendor.qti.hardware.display.mapper@3.0.so;android.hardware.graphics.mapper@3.0.so;vendor.qti.hardware.display.mapperextensions@1.1.so;vendor.qti.hardware.display.mapper@4.0.so;android.hardware.graphics.mapper@4.0.so;android.hardware.graphics.mapper@2.0.so;libhidlbase.so;libutils.so;libdl.so;libz.so;liblog.so;libc++.so;libc.so;libm.so;19 libraries
fingerprint.msm8953.so,228,arch     arm,bits     64,endian   little,machine  ARM aarch64,os       android,False,False,False,[Linked libraries];liblog.so;libbinder.so;libutils.so;lib_fpc_tac_shared.so;libQSEEComAPI.so;libc++.so;libdl.so;libc.so;libm.so;9 libraries
gatekeeper.msm8953.so,8,arch     arm,bits     64,endian   little,machine  ARM aarch64,os       android,False,False,False,[Linked libraries];liblog.so;libcutils.so;libc++.so;libc.so;libm.so;libdl.so;6 libraries
gf_fingerprint.default.so,13,arch     arm,bits     64,endian   little,machine  ARM aarch64,os       android,False,False,False,[Linked libraries];libcutils.so;libc.so;libc++.so;libbase.so;libdl.so;libhardware.so;libcrypto.so;libgf_hal.so;libgf_ca.so;libvendor.goodix.hardware.fingerprint@1.0.so;libvendor.goodix.hardware.fingerprint@1.0-service.so;libm.so;liblog.so;13 libraries
keystore.msm8953.so,61,arch     arm,bits     64,endian   little,machine  ARM aarch64,os       android,False,False,False,[Linked libraries];liblog.so;libcrypto.so;libcutils.so;libhardware.so;libc++.so;libc.so;libm.so;libdl.so;8 libraries
lib-imsSDP.so,379,arch     arm,bits     64,endian   little,machine  ARM aarch64,os       android,False,False,False,[Linked libraries];libcutils.so;liblog.so;lib-imsdpl.so;lib-rtpcommon.so;libc++.so;libc.so;libm.so;libdl.so;8 libraries
lib-imscmservice.so,316,arch     arm,bits     64,endian   little,machine  ARM aarch64,os       android,False,False,False,[Linked libraries];liblog.so;libcutils.so;libbase.so;libutils.so;libhidlbase.so;com.qualcomm.qti.imscmservice@2.0.so;lib-imsdpl.so;lib-imsqimf.so;lib-imsxml.so;libc++.so;libc.so;libm.so;libdl.so;13 libraries
lib-imsdpl.so,907,arch     arm,bits     64,endian   little,machine  ARM aarch64,os       android,False,False,False,[Linked libraries];libdiag.so;libqmiservices.so;libcutils.so;libutils.so;liblog.so;libtime_genoff.so;libcrypto.so;libssl.so;libandroid_net.so;libc++.so;libc.so;libm.so;libdl.so;13 libraries
lib-imsqimf.so,2439,arch     arm,bits     64,endian   little,machine  ARM aarch64,os       android,False,False,False,[Linked libraries];lib-imsdpl.so;lib-imsxml.so;liblog.so;libc++.so;libc.so;libm.so;libdl.so;7 libraries
lib-imsrcs-v2.so,635,arch     arm,bits     64,endian   little,machine  ARM aarch64,os       android,False,False,False,[Linked libraries];lib-imsdpl.so;lib-imsqimf.so;lib-imsxml.so;lib-siputility.so;libqmi_cci.so;liblog.so;libcutils.so;libbase.so;libutils.so;libhardware_legacy.so;libhardware.so;libhidlbase.so;libqmiservices.so;libqti_vndfwk_detect.so;lib-rcsconfig.so;libidl.so;com.qualcomm.qti.imscmservice@2.0.so;com.qualcomm.qti.uceservice@2.0.so;com.qualcomm.qti.uceservice@2.1.so;com.qualcomm.qti.uceservice@2.2.so;com.qualcomm.qti.uceservice@2.3.so;com.qualcomm.qti.imscmservice@2.1.so;com.qualcomm.qti.imscmservice@2.2.so;vendor.qti.ims.callinfo@1.0.so;vendor.qti.ims.rcsconfig@2.0.so;vendor.qti.ims.rcsconfig@2.1.so;vendor.qti.ims.factory@1.0.so;vendor.qti.ims.factory@1.1.so;vendor.qti.ims.callcapability@1.0.so;libc++.so;libc.so;libm.so;libdl.so;33 libraries
lib-imsrcsbaseimpl.so,251,arch     arm,bits     64,endian   little,machine  ARM aarch64,os       android,False,False,False,[Linked libraries];liblog.so;libcutils.so;libbase.so;libutils.so;libhardware_legacy.so;libhardware.so;libhidlbase.so;libqmiservices.so;libqmi_cci.so;libqti_vndfwk_detect.so;libidl.so;com.qualcomm.qti.imscmservice@2.0.so;com.qualcomm.qti.imscmservice@2.1.so;com.qualcomm.qti.imscmservice@2.2.so;com.qualcomm.qti.uceservice@2.0.so;com.qualcomm.qti.uceservice@2.1.so;com.qualcomm.qti.uceservice@2.2.so;com.qualcomm.qti.uceservice@2.3.so;vendor.qti.ims.callinfo@1.0.so;vendor.qti.ims.factory@1.0.so;vendor.qti.ims.factory@1.1.so;libc++.so;libc.so;libm.so;libdl.so;25 libraries
lib-imsvtcore.so,499,arch     arm,bits     64,endian   little,machine  ARM aarch64,os       android,False,False,False,[Linked libraries];librcc.so;libion.so;libhidlbase.so;vendor.qti.imsrtpservice@3.0.so;vendor.qti.imsrtpservice@3.0-service-Impl.so;libdiag.so;libcutils.so;libutils.so;liblog.so;libc++.so;libc.so;libm.so;libdl.so;13 libraries
lib-imsxml.so,1726,arch     arm,bits     64,endian   little,machine  ARM aarch64,os       android,False,False,False,[Linked libraries];lib-imsdpl.so;libcutils.so;liblog.so;libc++.so;libc.so;libm.so;libdl.so;7 libraries
lib-rcsconfig.so,225,arch     arm,bits     64,endian   little,machine  ARM aarch64,os       android,False,False,False,[Linked libraries];lib-imsdpl.so;libqmi_cci.so;libcutils.so;libutils.so;liblog.so;libqmiservices.so;libqmi_csi.so;libdiag.so;libhidlbase.so;libhardware_legacy.so;libqti_vndfwk_detect.so;vendor.qti.ims.rcsconfig@2.0.so;vendor.qti.ims.rcsconfig@2.1.so;vendor.qti.ims.factory@1.0.so;vendor.qti.ims.factory@1.1.so;libc++.so;libc.so;libm.so;libdl.so;19 libraries
lib-rtpcommon.so,119,arch     arm,bits     64,endian   little,machine  ARM aarch64,os       android,False,False,False,[Linked libraries];libdiag.so;libcutils.so;libutils.so;liblog.so;lib-imsdpl.so;libc++.so;libc.so;libm.so;libdl.so;9 libraries
lib-rtpcore.so,700,arch     arm,bits     64,endian   little,machine  ARM aarch64,os       android,False,False,False,[Linked libraries];libdiag.so;libcutils.so;libutils.so;liblog.so;lib-imsdpl.so;lib-imsvtcore.so;lib-rtpcommon.so;libc++.so;libc.so;libm.so;libdl.so;11 libraries
lib-rtpsl.so,92,arch     arm,bits     64,endian   little,machine  ARM aarch64,os       android,False,False,False,[Linked libraries];libcutils.so;libutils.so;liblog.so;lib-imsdpl.so;lib-rtpcore.so;lib-rtpcommon.so;libqti_vndfwk_detect.so;libdiag.so;libc++.so;libc.so;libm.so;libdl.so;12 libraries
lib-siputility.so,264,arch     arm,bits     64,endian   little,machine  ARM aarch64,os       android,False,False,False,[Linked libraries];lib-imsdpl.so;lib-imsxml.so;lib-imsqimf.so;liblog.so;libz.so;libc++.so;libc.so;libm.so;libdl.so;9 libraries
lib-uceservice.so,867,arch     arm,bits     64,endian   little,machine  ARM aarch64,os       android,False,False,False,[Linked libraries];liblog.so;libcutils.so;libbase.so;libutils.so;libhidlbase.so;lib-imsdpl.so;lib-imsqimf.so;lib-imsxml.so;lib-siputility.so;libqti_vndfwk_detect.so;lib-imsSDP.so;lib-imscmservice.so;com.qualcomm.qti.imscmservice@2.0.so;com.qualcomm.qti.uceservice@2.0.so;libc++.so;libc.so;libm.so;libdl.so;18 libraries
libAlacSwDec.so,80,arch     arm,bits     64,endian   little,machine  ARM aarch64,os       android,False,False,False,[Linked libraries];liblog.so;libc++.so;libc.so;libm.so;libdl.so;5 libraries
libApeSwDec.so,99,arch     arm,bits     64,endian   little,machine  ARM aarch64,os       android,False,False,False,[Linked libraries];liblog.so;libc++.so;libc.so;libm.so;libdl.so;5 libraries
libC2D2.so,288,arch     arm,bits     64,endian   little,machine  ARM aarch64,os       android,False,False,False,[Linked libraries];libgsl.so;libcutils.so;libutils.so;libc++.so;libc.so;libm.so;libdl.so;7 libraries
libCB.so,1440,arch     arm,bits     64,endian   little,machine  ARM aarch64,os       android,False,False,False,[Linked libraries];libcutils.so;liblog.so;libgsl.so;libutils.so;libvndksupport.so;libgralloc.qti.so;libgralloctypes.so;vendor.qti.hardware.display.mapper@4.0.so;android.hardware.graphics.mapper@4.0.so;vendor.qti.hardware.display.mapperextensions@1.0.so;vendor.qti.hardware.display.mapperextensions@1.1.so;libhidlbase.so;libc++.so;libc.so;libm.so;libdl.so;16 libraries
libEGL_adreno.so,153,arch     arm,bits     16,endian   little,machine  ARM,os       android,False,False,False,[Linked libraries];libadreno_utils.so;libgsl.so;libcutils.so;libdl.so;libz.so;liblog.so;libc++.so;libc.so;libm.so;9 libraries
libFastRPC_AUE_Forward_skel.so,478,arch     hexagon,bits     32,endian   little,machine  QUALCOMM DSP6 Processor,os       linux,False,False,False,[Linked libraries];libc.so;libFastRPC_UTF_Forward_skel.so;libgcc.so;3 libraries
libFastRPC_UTF_Forward_Qtc2_skel.so,1333,arch     hexagon,bits     32,endian   little,machine  QUALCOMM DSP6 Processor,os       linux,False,False,False,[Linked libraries];libc.so;libgcc.so;2 libraries
libGLESv1_CM_adreno.so,490,arch     arm,bits     16,endian   little,machine  ARM,os       android,False,False,False,[Linked libraries];libgsl.so;libcutils.so;libdl.so;libz.so;liblog.so;libc++.so;libc.so;libm.so;8 libraries
libGLESv2_adreno.so,548,arch     arm,bits     16,endian   little,machine  ARM,os       android,False,False,False,[Linked libraries];libadreno_utils.so;libgsl.so;libllvm-glnext.so;libcutils.so;libdl.so;libz.so;liblog.so;libc++.so;libc.so;libm.so;10 libraries
libGPreqcancel.so,50,arch     arm,bits     64,endian   little,machine  ARM aarch64,os       android,False,False,False,[Linked libraries];libutils.so;libcutils.so;libdiag.so;liblog.so;libQSEEComAPI.so;libGPreqcancel_svc.so;libc++.so;libc.so;libm.so;libdl.so;10 libraries
libGPreqcancel_svc.so,51,arch     arm,bits     64,endian   little,machine  ARM aarch64,os       android,False,False,False,[Linked libraries];libutils.so;libcutils.so;liblog.so;libc++.so;libc.so;libm.so;libdl.so;7 libraries
libMpeg4SwEncoder.so,241,arch     arm,bits     64,endian   little,machine  ARM aarch64,os       android,False,False,False,[Linked libraries];libcutils.so;liblog.so;libc++.so;libc.so;libm.so;libdl.so;6 libraries
libOmxAacDec.so,92,arch     arm,bits     64,endian   little,machine  ARM aarch64,os       android,False,False,False,[Linked libraries];libutils.so;liblog.so;libc++.so;libc.so;libm.so;libdl.so;6 libraries
libOmxAlacDec.so,92,arch     arm,bits     64,endian   little,machine  ARM aarch64,os       android,False,False,False,[Linked libraries];libutils.so;liblog.so;libc++.so;libc.so;libm.so;libdl.so;6 libraries
libOmxAlacDecSw.so,96,arch     arm,bits     64,endian   little,machine  ARM aarch64,os       android,False,False,False,[Linked libraries];libutils.so;liblog.so;libcutils.so;libc++.so;libc.so;libm.so;libdl.so;7 libraries
libOmxAmrDec.so,86,arch     arm,bits     64,endian   little,machine  ARM aarch64,os       android,False,False,False,[Linked libraries];libutils.so;liblog.so;libc++.so;libc.so;libm.so;libdl.so;6 libraries
libOmxAmrwbplusDec.so,86,arch     arm,bits     64,endian   little,machine  ARM aarch64,os       android,False,False,False,[Linked libraries];libutils.so;liblog.so;libc++.so;libc.so;libm.so;libdl.so;6 libraries
libOmxApeDec.so,92,arch     arm,bits     64,endian   little,machine  ARM aarch64,os       android,False,False,False,[Linked libraries];libutils.so;liblog.so;libc++.so;libc.so;libm.so;libdl.so;6 libraries
libOmxApeDecSw.so,83,arch     arm,bits     64,endian   little,machine  ARM aarch64,os       android,False,False,False,[Linked libraries];libutils.so;liblog.so;libcutils.so;libc++.so;libc.so;libm.so;libdl.so;7 libraries
libOmxEvrcDec.so,287,arch     arm,bits     64,endian   little,machine  ARM aarch64,os       android,False,False,False,[Linked libraries];libutils.so;liblog.so;libc++.so;libc.so;libm.so;libdl.so;6 libraries
libOmxG711Dec.so,86,arch     arm,bits     64,endian   little,machine  ARM aarch64,os       android,False,False,False,[Linked libraries];libutils.so;liblog.so;libc++.so;libc.so;libm.so;libdl.so;6 libraries
libOmxQcelp13Dec.so,293,arch     arm,bits     64,endian   little,machine  ARM aarch64,os       android,False,False,False,[Linked libraries];libutils.so;liblog.so;libc++.so;libc.so;libm.so;libdl.so;6 libraries
libOmxSwVdec.so,106,arch     arm,bits     64,endian   little,machine  ARM aarch64,os       android,False,False,False,[Linked libraries];liblog.so;libcutils.so;libswvdec.so;libc++.so;libc.so;libm.so;libdl.so;7 libraries
libOmxSwVencMpeg4.so,189,arch     arm,bits     64,endian   little,machine  ARM aarch64,os       android,False,False,False,[Linked libraries];liblog.so;libcutils.so;libMpeg4SwEncoder.so;libc2dcolorconvert.so;libc++.so;libc.so;libm.so;libdl.so;8 libraries
libOmxVideoDSMode.so,280,arch     arm,bits     16,endian   little,machine  ARM,os       android,False,False,False,[Linked libraries];liblog.so;libmmosal.so;libutils.so;libOmxCore.so;libwfdcommonutils_proprietary.so;libwfdmmservice.so;libbinder.so;libc++.so;libc.so;libm.so;libdl.so;11 libraries
libOmxVpp.so,83,arch     arm,bits     64,endian   little,machine  ARM aarch64,os       android,False,False,False,[Linked libraries];liblog.so;libutils.so;libbinder.so;libcutils.so;libmm-omxcore.so;libqdMetaData.so;libvpplibrary.so;libc++.so;libc.so;libm.so;libdl.so;11 libraries
libOmxWmaDec.so,93,arch     arm,bits     64,endian   little,machine  ARM aarch64,os       android,False,False,False,[Linked libraries];libutils.so;liblog.so;libc++.so;libc.so;libm.so;libdl.so;6 libraries
libOpenCL.so,451,arch     arm,bits     64,endian   little,machine  ARM aarch64,os       android,False,False,False,[Linked libraries];libcutils.so;libvndksupport.so;libc++.so;libc.so;libm.so;libdl.so;6 libraries
libQSEEComAPI.so,77,arch     arm,bits     64,endian   little,machine  ARM aarch64,os       android,False,False,False,[Linked libraries];libion.so;libcutils.so;libutils.so;liblog.so;libc++.so;libc.so;libm.so;libdl.so;8 libraries
libStDrvInt.so,53,arch     arm,bits     64,endian   little,machine  ARM aarch64,os       android,False,False,False,[Linked libraries];liblog.so;libc++.so;libc.so;libm.so;libdl.so;5 libraries
lib_fpc_tac_shared.so,132,arch     arm,bits     64,endian   little,machine  ARM aarch64,os       android,False,False,False,[Linked libraries];libshims_binder.so;libQSEEComAPI.so;libc++.so;libdl.so;libc.so;libm.so;6 libraries
libacdb-fts.so,4,arch     arm,bits     16,endian   little,machine  ARM,os       android,False,False,False,[Linked libraries];libcutils.so;libutils.so;liblog.so;libaudcal.so;libc++.so;libc.so;libm.so;libdl.so;8 libraries
libacdbloader.so,103,arch     arm,bits     16,endian   little,machine  ARM,os       android,False,False,False,[Linked libraries];libcutils.so;libutils.so;liblog.so;libaudcal.so;libtinyalsa.so;libacdbrtac.so;libadiertac.so;libacdb-fts.so;libc++.so;libc.so;libm.so;libdl.so;12 libraries
libacdbrtac.so,40,arch     arm,bits     16,endian   little,machine  ARM,os       android,False,False,False,[Linked libraries];libcutils.so;libutils.so;liblog.so;libaudcal.so;libc++.so;libc.so;libm.so;libdl.so;8 libraries
libactuator_oxygen_dw9763_sunny.so,8,arch     arm,bits     16,endian   little,machine  ARM,os       android,False,False,True,[Linked libraries];libcutils.so;libc++.so;libdl.so;libc.so;libm.so;5 libraries
libactuator_oxygen_ov12a_ofilm_dw9718.so,8,arch     arm,bits     16,endian   little,machine  ARM,os       android,False,False,True,[Linked libraries];libcutils.so;libc++.so;libdl.so;libc.so;libm.so;5 libraries
libactuator_oxygen_ov12a_sunny_dw9763.so,8,arch     arm,bits     16,endian   little,machine  ARM,os       android,False,False,True,[Linked libraries];libcutils.so;libc++.so;libdl.so;libc.so;libm.so;5 libraries
libadaptlaunch.so,39,arch     arm,bits     64,endian   little,machine  ARM aarch64,os       android,False,False,False,[Linked libraries];liblog.so;libcutils.so;liblearningmodule.so;libmeters-ns.so;libsqlite.so;libqti-perfd-client.so;libc++.so;libc.so;libm.so;libdl.so;10 libraries
libadiertac.so,7,arch     arm,bits     16,endian   little,machine  ARM,os       android,False,False,False,[Linked libraries];libcutils.so;libutils.so;liblog.so;libaudcal.so;libc++.so;libc.so;libm.so;libdl.so;8 libraries
libadm.so,21,arch     arm,bits     16,endian   little,machine  ARM,os       android,False,False,False,[Linked libraries];liblog.so;libcutils.so;libtinyalsa.so;libc++.so;libc.so;libm.so;libdl.so;7 libraries
libadpcmdec.so,154,arch     arm,bits     16,endian   little,machine  ARM,os       android,False,False,False,[Linked libraries];libc++.so;libc.so;libm.so;libdl.so;4 libraries
libadreno_utils.so,122,arch     arm,bits     16,endian   little,machine  ARM,os       android,False,False,False,[Linked libraries];libgsl.so;libc++.so;libc.so;libm.so;libdl.so;5 libraries
libadsp_default_listener.so,4,arch     arm,bits     64,endian   little,machine  ARM aarch64,os       android,False,False,False,[Linked libraries];liblog.so;libadsprpc.so;libc++.so;libc.so;libm.so;libdl.so;6 libraries
libadsprpc.so,46,arch     arm,bits     16,endian   little,machine  ARM,os       android,False,False,False,[Linked libraries];libhidlbase.so;libhardware.so;libutils.so;vendor.qti.hardware.dsp@1.0.so;liblog.so;libc.so;libcutils.so;libion.so;libc++.so;libm.so;libdl.so;11 libraries
libaoa.so,66,arch     arm,bits     64,endian   little,machine  ARM aarch64,os       android,False,False,False,[Linked libraries];libc++.so;libc.so;libm.so;libdl.so;4 libraries
libapps_mem_heap.so,9,arch     hexagon,bits     32,endian   little,machine  QUALCOMM DSP6 Processor,os       linux,False,False,False,[Linked libraries];libc.so;libgcc.so;2 libraries
libasn1cper.so,203,arch     arm,bits     64,endian   little,machine  ARM aarch64,os       android,False,False,False,[Linked libraries];libasn1crtx.so;libasn1crt.so;liblog.so;libgps.utils.so;libc++.so;libc.so;libm.so;libdl.so;8 libraries
libasn1crt.so,659,arch     arm,bits     64,endian   little,machine  ARM aarch64,os       android,False,False,False,[Linked libraries];libasn1crtx.so;libc++.so;libc.so;libm.so;libdl.so;5 libraries
libasn1crtx.so,822,arch     arm,bits     64,endian   little,machine  ARM aarch64,os       android,False,False,False,[Linked libraries];liblog.so;libgps.utils.so;libc++.so;libc.so;libm.so;libdl.so;6 libraries
libasphere.so,4,arch     arm,bits     16,endian   little,machine  ARM,os       android,False,False,False,[Linked libraries];libcutils.so;liblog.so;libc++.so;libc.so;libm.so;libdl.so;6 libraries
libaudcal.so,300,arch     arm,bits     16,endian   little,machine  ARM,os       android,False,False,False,[Linked libraries];libutils.so;liblog.so;libdiag.so;libc++.so;libc.so;libm.so;libdl.so;7 libraries
libaudio_log_utils.so,10,arch     arm,bits     16,endian   little,machine  ARM,os       android,False,False,False,[Linked libraries];libutils.so;libcutils.so;libexpat.so;liblog.so;libc++.so;libc.so;libm.so;libdl.so;8 libraries
libaudioparsers.so,27,arch     arm,bits     16,endian   little,machine  ARM,os       android,False,False,False,[Linked libraries];libutils.so;liblog.so;libc++.so;libc.so;libm.so;libdl.so;6 libraries
libaudiopreprocessing.so,7,arch     arm,bits     32,endian   little,machine  ARM,os       android,False,False,False,[Linked libraries];libwebrtc_audio_preprocessing.so;libspeexresampler.so;libutils.so;liblog.so;libdl.so;libc++.so;libc.so;libm.so;8 libraries
libbtnv.so,10,arch     arm,bits     64,endian   little,machine  ARM aarch64,os       android,False,False,False,[Linked libraries];libc++.so;libc.so;libm.so;libdl.so;4 libraries
libbundlewrapper.so,13,arch     arm,bits     16,endian   little,machine  ARM,os       android,False,False,False,[Linked libraries];libcutils.so;libdl.so;libc++.so;libc.so;libm.so;5 libraries
libc2d30-a3xx.so,363,arch     arm,bits     16,endian   little,machine  ARM,os       android,False,False,False,[Linked libraries];libgsl.so;libcutils.so;libutils.so;libc++.so;libc.so;libm.so;libdl.so;7 libraries
libc2d30_bltlib.so,865,arch     arm,bits     16,endian   little,machine  ARM,os       android,False,False,False,[Linked libraries];libgsl.so;libcutils.so;libutils.so;libc++.so;libc.so;libm.so;libdl.so;7 libraries
libcacertclient.so,27,arch     arm,bits     64,endian   little,machine  ARM aarch64,os       android,False,False,False,[Linked libraries];liblog.so;libutils.so;libcutils.so;libhidlbase.so;vendor.qti.hardware.cacert@1.0.so;libc++.so;libc.so;libm.so;libdl.so;9 libraries
libcdfw.so,163,arch     arm,bits     64,endian   little,machine  ARM aarch64,os       android,False,False,False,[Linked libraries];libgps.utils.so;liblog.so;libc++.so;libc.so;libm.so;libdl.so;6 libraries
libcdfw_remote_api.so,56,arch     arm,bits     64,endian   little,machine  ARM aarch64,os       android,False,False,False,[Linked libraries];libgps.utils.so;liblog.so;libc++.so;libc.so;libm.so;libdl.so;6 libraries
libchromaflash.so,16,arch     arm,bits     16,endian   little,machine  ARM,os       android,False,False,False,[Linked libraries];liblog.so;libdl.so;libz.so;libc.so;libm.so;libstdc++.so;6 libraries
libchromatix_oxygen_imx386_4K_preview.so,8,arch     arm,bits     16,endian   little,machine  ARM,os       android,False,False,False,[Linked libraries];libcutils.so;libc++.so;libdl.so;libc.so;libm.so;5 libraries
libchromatix_oxygen_imx386_4K_video.so,8,arch     arm,bits     16,endian   little,machine  ARM,os       android,False,False,False,[Linked libraries];libcutils.so;libc++.so;libdl.so;libc.so;libm.so;5 libraries
libchromatix_oxygen_imx386_common.so,8,arch     arm,bits     16,endian   little,machine  ARM,os       android,False,False,False,[Linked libraries];libcutils.so;libc++.so;libdl.so;libc.so;libm.so;5 libraries
libchromatix_oxygen_imx386_cpp_hfr_120.so,8,arch     arm,bits     16,endian   little,machine  ARM,os       android,False,False,False,[Linked libraries];libcutils.so;libc++.so;libdl.so;libc.so;libm.so;5 libraries
libchromatix_oxygen_imx386_cpp_liveshot.so,8,arch     arm,bits     16,endian   little,machine  ARM,os       android,False,False,False,[Linked libraries];libcutils.so;libc++.so;libdl.so;libc.so;libm.so;5 libraries
libchromatix_oxygen_imx386_cpp_preview.so,8,arch     arm,bits     16,endian   little,machine  ARM,os       android,False,False,False,[Linked libraries];libcutils.so;libc++.so;libdl.so;libc.so;libm.so;5 libraries
libchromatix_oxygen_imx386_cpp_snapshot.so,8,arch     arm,bits     16,endian   little,machine  ARM,os       android,False,False,False,[Linked libraries];libcutils.so;libc++.so;libdl.so;libc.so;libm.so;5 libraries
libchromatix_oxygen_imx386_cpp_snapshot_hdr.so,8,arch     arm,bits     16,endian   little,machine  ARM,os       android,False,False,False,[Linked libraries];libcutils.so;libc++.so;libdl.so;libc.so;libm.so;5 libraries
libchromatix_oxygen_imx386_cpp_video.so,8,arch     arm,bits     16,endian   little,machine  ARM,os       android,False,False,False,[Linked libraries];libcutils.so;libc++.so;libdl.so;libc.so;libm.so;5 libraries
libchromatix_oxygen_imx386_cpp_video_hdr.so,8,arch     arm,bits     16,endian   little,machine  ARM,os       android,False,False,False,[Linked libraries];libcutils.so;libc++.so;libdl.so;libc.so;libm.so;5 libraries
libchromatix_oxygen_imx386_default_preview.so,8,arch     arm,bits     16,endian   little,machine  ARM,os       android,False,False,False,[Linked libraries];libcutils.so;libc++.so;libdl.so;libc.so;libm.so;5 libraries
libchromatix_oxygen_imx386_default_video.so,8,arch     arm,bits     16,endian   little,machine  ARM,os       android,False,False,False,[Linked libraries];libcutils.so;libc++.so;libdl.so;libc.so;libm.so;5 libraries
libchromatix_oxygen_imx386_hdr_snapshot_3a.so,8,arch     arm,bits     16,endian   little,machine  ARM,os       android,False,False,False,[Linked libraries];libcutils.so;libc++.so;libdl.so;libc.so;libm.so;5 libraries
libchromatix_oxygen_imx386_hdr_video_3a.so,8,arch     arm,bits     16,endian   little,machine  ARM,os       android,False,False,False,[Linked libraries];libcutils.so;libc++.so;libdl.so;libc.so;libm.so;5 libraries
libchromatix_oxygen_imx386_hfr_120.so,8,arch     arm,bits     16,endian   little,machine  ARM,os       android,False,False,False,[Linked libraries];libcutils.so;libc++.so;libdl.so;libc.so;libm.so;5 libraries
libchromatix_oxygen_imx386_hfr_120_3a.so,8,arch     arm,bits     16,endian   little,machine  ARM,os       android,False,False,False,[Linked libraries];libcutils.so;libc++.so;libdl.so;libc.so;libm.so;5 libraries
libchromatix_oxygen_imx386_postproc.so,8,arch     arm,bits     16,endian   little,machine  ARM,os       android,False,False,False,[Linked libraries];libcutils.so;libc++.so;libdl.so;libc.so;libm.so;5 libraries
libchromatix_oxygen_imx386_preview.so,8,arch     arm,bits     16,endian   little,machine  ARM,os       android,False,False,False,[Linked libraries];libcutils.so;libc++.so;libdl.so;libc.so;libm.so;5 libraries
libchromatix_oxygen_imx386_snapshot.so,8,arch     arm,bits     16,endian   little,machine  ARM,os       android,False,False,False,[Linked libraries];libcutils.so;libc++.so;libdl.so;libc.so;libm.so;5 libraries
libchromatix_oxygen_imx386_snapshot_hdr.so,8,arch     arm,bits     16,endian   little,machine  ARM,os       android,False,False,False,[Linked libraries];libcutils.so;libc++.so;libdl.so;libc.so;libm.so;5 libraries
libchromatix_oxygen_imx386_video.so,8,arch     arm,bits     16,endian   little,machine  ARM,os       android,False,False,False,[Linked libraries];libcutils.so;libc++.so;libdl.so;libc.so;libm.so;5 libraries
libchromatix_oxygen_imx386_zsl_preview.so,8,arch     arm,bits     16,endian   little,machine  ARM,os       android,False,False,False,[Linked libraries];libcutils.so;libc++.so;libdl.so;libc.so;libm.so;5 libraries
libchromatix_oxygen_imx386_zsl_video.so,8,arch     arm,bits     16,endian   little,machine  ARM,os       android,False,False,False,[Linked libraries];libcutils.so;libc++.so;libdl.so;libc.so;libm.so;5 libraries
libchromatix_oxygen_ov12a_ofilm_4K_preview.so,8,arch     arm,bits     16,endian   little,machine  ARM,os       android,False,False,False,[Linked libraries];libcutils.so;libc++.so;libdl.so;libc.so;libm.so;5 libraries
libchromatix_oxygen_ov12a_ofilm_4K_video.so,8,arch     arm,bits     16,endian   little,machine  ARM,os       android,False,False,False,[Linked libraries];libcutils.so;libc++.so;libdl.so;libc.so;libm.so;5 libraries
libchromatix_oxygen_ov12a_ofilm_common.so,8,arch     arm,bits     16,endian   little,machine  ARM,os       android,False,False,False,[Linked libraries];libcutils.so;libc++.so;libdl.so;libc.so;libm.so;5 libraries
libchromatix_oxygen_ov12a_ofilm_cpp_hfr_120.so,8,arch     arm,bits     16,endian   little,machine  ARM,os       android,False,False,False,[Linked libraries];libcutils.so;libc++.so;libdl.so;libc.so;libm.so;5 libraries
libchromatix_oxygen_ov12a_ofilm_cpp_liveshot.so,8,arch     arm,bits     16,endian   little,machine  ARM,os       android,False,False,False,[Linked libraries];libcutils.so;libc++.so;libdl.so;libc.so;libm.so;5 libraries
libchromatix_oxygen_ov12a_ofilm_cpp_preview.so,8,arch     arm,bits     16,endian   little,machine  ARM,os       android,False,False,False,[Linked libraries];libcutils.so;libc++.so;libdl.so;libc.so;libm.so;5 libraries
libchromatix_oxygen_ov12a_ofilm_cpp_snapshot.so,8,arch     arm,bits     16,endian   little,machine  ARM,os       android,False,False,False,[Linked libraries];libcutils.so;libc++.so;libdl.so;libc.so;libm.so;5 libraries
libchromatix_oxygen_ov12a_ofilm_cpp_snapshot_hdr.so,8,arch     arm,bits     16,endian   little,machine  ARM,os       android,False,False,False,[Linked libraries];libcutils.so;libc++.so;libdl.so;libc.so;libm.so;5 libraries
libchromatix_oxygen_ov12a_ofilm_cpp_video.so,8,arch     arm,bits     16,endian   little,machine  ARM,os       android,False,False,False,[Linked libraries];libcutils.so;libc++.so;libdl.so;libc.so;libm.so;5 libraries
libchromatix_oxygen_ov12a_ofilm_cpp_video_hdr.so,8,arch     arm,bits     16,endian   little,machine  ARM,os       android,False,False,False,[Linked libraries];libcutils.so;libc++.so;libdl.so;libc.so;libm.so;5 libraries
libchromatix_oxygen_ov12a_ofilm_default_preview.so,8,arch     arm,bits     16,endian   little,machine  ARM,os       android,False,False,False,[Linked libraries];libcutils.so;libc++.so;libdl.so;libc.so;libm.so;5 libraries
libchromatix_oxygen_ov12a_ofilm_default_video.so,8,arch     arm,bits     16,endian   little,machine  ARM,os       android,False,False,False,[Linked libraries];libcutils.so;libc++.so;libdl.so;libc.so;libm.so;5 libraries
libchromatix_oxygen_ov12a_ofilm_hdr_snapshot_3a.so,8,arch     arm,bits     16,endian   little,machine  ARM,os       android,False,False,False,[Linked libraries];libcutils.so;libc++.so;libdl.so;libc.so;libm.so;5 libraries
libchromatix_oxygen_ov12a_ofilm_hdr_video_3a.so,8,arch     arm,bits     16,endian   little,machine  ARM,os       android,False,False,False,[Linked libraries];libcutils.so;libc++.so;libdl.so;libc.so;libm.so;5 libraries
libchromatix_oxygen_ov12a_ofilm_hfr_120.so,8,arch     arm,bits     16,endian   little,machine  ARM,os       android,False,False,False,[Linked libraries];libcutils.so;libc++.so;libdl.so;libc.so;libm.so;5 libraries
libchromatix_oxygen_ov12a_ofilm_hfr_120_3a.so,8,arch     arm,bits     16,endian   little,machine  ARM,os       android,False,False,False,[Linked libraries];libcutils.so;libc++.so;libdl.so;libc.so;libm.so;5 libraries
libchromatix_oxygen_ov12a_ofilm_postproc.so,8,arch     arm,bits     16,endian   little,machine  ARM,os       android,False,False,False,[Linked libraries];libcutils.so;libc++.so;libdl.so;libc.so;libm.so;5 libraries
libchromatix_oxygen_ov12a_ofilm_snapshot.so,8,arch     arm,bits     16,endian   little,machine  ARM,os       android,False,False,False,[Linked libraries];libcutils.so;libc++.so;libdl.so;libc.so;libm.so;5 libraries
libchromatix_oxygen_ov12a_ofilm_snapshot_hdr.so,8,arch     arm,bits     16,endian   little,machine  ARM,os       android,False,False,False,[Linked libraries];libcutils.so;libc++.so;libdl.so;libc.so;libm.so;5 libraries
libchromatix_oxygen_ov12a_ofilm_zsl_preview.so,8,arch     arm,bits     16,endian   little,machine  ARM,os       android,False,False,False,[Linked libraries];libcutils.so;libc++.so;libdl.so;libc.so;libm.so;5 libraries
libchromatix_oxygen_ov12a_ofilm_zsl_video.so,8,arch     arm,bits     16,endian   little,machine  ARM,os       android,False,False,False,[Linked libraries];libcutils.so;libc++.so;libdl.so;libc.so;libm.so;5 libraries
libchromatix_oxygen_ov12a_sunny_4K_preview.so,8,arch     arm,bits     16,endian   little,machine  ARM,os       android,False,False,False,[Linked libraries];libcutils.so;libc++.so;libdl.so;libc.so;libm.so;5 libraries
libchromatix_oxygen_ov12a_sunny_4K_video.so,8,arch     arm,bits     16,endian   little,machine  ARM,os       android,False,False,False,[Linked libraries];libcutils.so;libc++.so;libdl.so;libc.so;libm.so;5 libraries
libchromatix_oxygen_ov12a_sunny_common.so,8,arch     arm,bits     16,endian   little,machine  ARM,os       android,False,False,False,[Linked libraries];libcutils.so;libc++.so;libdl.so;libc.so;libm.so;5 libraries
libchromatix_oxygen_ov12a_sunny_cpp_hfr_120.so,8,arch     arm,bits     16,endian   little,machine  ARM,os       android,False,False,False,[Linked libraries];libcutils.so;libc++.so;libdl.so;libc.so;libm.so;5 libraries
libchromatix_oxygen_ov12a_sunny_cpp_liveshot.so,8,arch     arm,bits     16,endian   little,machine  ARM,os       android,False,False,False,[Linked libraries];libcutils.so;libc++.so;libdl.so;libc.so;libm.so;5 libraries
libchromatix_oxygen_ov12a_sunny_cpp_preview.so,8,arch     arm,bits     16,endian   little,machine  ARM,os       android,False,False,False,[Linked libraries];libcutils.so;libc++.so;libdl.so;libc.so;libm.so;5 libraries
libchromatix_oxygen_ov12a_sunny_cpp_snapshot.so,8,arch     arm,bits     16,endian   little,machine  ARM,os       android,False,False,False,[Linked libraries];libcutils.so;libc++.so;libdl.so;libc.so;libm.so;5 libraries
libchromatix_oxygen_ov12a_sunny_cpp_snapshot_hdr.so,8,arch     arm,bits     16,endian   little,machine  ARM,os       android,False,False,False,[Linked libraries];libcutils.so;libc++.so;libdl.so;libc.so;libm.so;5 libraries
libchromatix_oxygen_ov12a_sunny_cpp_video.so,8,arch     arm,bits     16,endian   little,machine  ARM,os       android,False,False,False,[Linked libraries];libcutils.so;libc++.so;libdl.so;libc.so;libm.so;5 libraries
libchromatix_oxygen_ov12a_sunny_cpp_video_hdr.so,8,arch     arm,bits     16,endian   little,machine  ARM,os       android,False,False,False,[Linked libraries];libcutils.so;libc++.so;libdl.so;libc.so;libm.so;5 libraries
libchromatix_oxygen_ov12a_sunny_default_preview.so,8,arch     arm,bits     16,endian   little,machine  ARM,os       android,False,False,False,[Linked libraries];libcutils.so;libc++.so;libdl.so;libc.so;libm.so;5 libraries
libchromatix_oxygen_ov12a_sunny_default_video.so,8,arch     arm,bits     16,endian   little,machine  ARM,os       android,False,False,False,[Linked libraries];libcutils.so;libc++.so;libdl.so;libc.so;libm.so;5 libraries
libchromatix_oxygen_ov12a_sunny_hdr_snapshot_3a.so,8,arch     arm,bits     16,endian   little,machine  ARM,os       android,False,False,False,[Linked libraries];libcutils.so;libc++.so;libdl.so;libc.so;libm.so;5 libraries
libchromatix_oxygen_ov12a_sunny_hdr_video_3a.so,8,arch     arm,bits     16,endian   little,machine  ARM,os       android,False,False,False,[Linked libraries];libcutils.so;libc++.so;libdl.so;libc.so;libm.so;5 libraries
libchromatix_oxygen_ov12a_sunny_hfr_120.so,8,arch     arm,bits     16,endian   little,machine  ARM,os       android,False,False,False,[Linked libraries];libcutils.so;libc++.so;libdl.so;libc.so;libm.so;5 libraries
libchromatix_oxygen_ov12a_sunny_hfr_120_3a.so,8,arch     arm,bits     16,endian   little,machine  ARM,os       android,False,False,False,[Linked libraries];libcutils.so;libc++.so;libdl.so;libc.so;libm.so;5 libraries
libchromatix_oxygen_ov12a_sunny_postproc.so,8,arch     arm,bits     16,endian   little,machine  ARM,os       android,False,False,False,[Linked libraries];libcutils.so;libc++.so;libdl.so;libc.so;libm.so;5 libraries
libchromatix_oxygen_ov12a_sunny_snapshot.so,8,arch     arm,bits     16,endian   little,machine  ARM,os       android,False,False,False,[Linked libraries];libcutils.so;libc++.so;libdl.so;libc.so;libm.so;5 libraries
libchromatix_oxygen_ov12a_sunny_snapshot_hdr.so,8,arch     arm,bits     16,endian   little,machine  ARM,os       android,False,False,False,[Linked libraries];libcutils.so;libc++.so;libdl.so;libc.so;libm.so;5 libraries
libchromatix_oxygen_ov12a_sunny_zsl_preview.so,8,arch     arm,bits     16,endian   little,machine  ARM,os       android,False,False,False,[Linked libraries];libcutils.so;libc++.so;libdl.so;libc.so;libm.so;5 libraries
libchromatix_oxygen_ov12a_sunny_zsl_video.so,8,arch     arm,bits     16,endian   little,machine  ARM,os       android,False,False,False,[Linked libraries];libcutils.so;libc++.so;libdl.so;libc.so;libm.so;5 libraries
libchromatix_oxygen_s5k5e8_ofilm_common.so,8,arch     arm,bits     16,endian   little,machine  ARM,os       android,False,False,False,[Linked libraries];libcutils.so;libc++.so;libdl.so;libc.so;libm.so;5 libraries
libchromatix_oxygen_s5k5e8_ofilm_cpp_ds_chromatix.so,8,arch     arm,bits     16,endian   little,machine  ARM,os       android,False,False,False,[Linked libraries];libcutils.so;libc++.so;libdl.so;libc.so;libm.so;5 libraries
libchromatix_oxygen_s5k5e8_ofilm_cpp_liveshot.so,8,arch     arm,bits     16,endian   little,machine  ARM,os       android,False,False,False,[Linked libraries];libcutils.so;libc++.so;libdl.so;libc.so;libm.so;5 libraries
libchromatix_oxygen_s5k5e8_ofilm_cpp_preview.so,8,arch     arm,bits     16,endian   little,machine  ARM,os       android,False,False,False,[Linked libraries];libcutils.so;libc++.so;libdl.so;libc.so;libm.so;5 libraries
libchromatix_oxygen_s5k5e8_ofilm_cpp_snapshot.so,8,arch     arm,bits     16,endian   little,machine  ARM,os       android,False,False,False,[Linked libraries];libcutils.so;libc++.so;libdl.so;libc.so;libm.so;5 libraries
libchromatix_oxygen_s5k5e8_ofilm_cpp_us_chromatix.so,8,arch     arm,bits     16,endian   little,machine  ARM,os       android,False,False,False,[Linked libraries];libcutils.so;libc++.so;libdl.so;libc.so;libm.so;5 libraries
libchromatix_oxygen_s5k5e8_ofilm_cpp_video.so,8,arch     arm,bits     16,endian   little,machine  ARM,os       android,False,False,False,[Linked libraries];libcutils.so;libc++.so;libdl.so;libc.so;libm.so;5 libraries
libchromatix_oxygen_s5k5e8_ofilm_cpp_video_full.so,8,arch     arm,bits     16,endian   little,machine  ARM,os       android,False,False,False,[Linked libraries];libcutils.so;libc++.so;libdl.so;libc.so;libm.so;5 libraries
libchromatix_oxygen_s5k5e8_ofilm_default_preview.so,8,arch     arm,bits     16,endian   little,machine  ARM,os       android,False,False,False,[Linked libraries];libcutils.so;libc++.so;libdl.so;libc.so;libm.so;5 libraries
libchromatix_oxygen_s5k5e8_ofilm_default_video.so,8,arch     arm,bits     16,endian   little,machine  ARM,os       android,False,False,False,[Linked libraries];libcutils.so;libc++.so;libdl.so;libc.so;libm.so;5 libraries
libchromatix_oxygen_s5k5e8_ofilm_postproc.so,8,arch     arm,bits     16,endian   little,machine  ARM,os       android,False,False,False,[Linked libraries];libcutils.so;libc++.so;libdl.so;libc.so;libm.so;5 libraries
libchromatix_oxygen_s5k5e8_ofilm_preview.so,8,arch     arm,bits     16,endian   little,machine  ARM,os       android,False,False,False,[Linked libraries];libcutils.so;libc++.so;libdl.so;libc.so;libm.so;5 libraries
libchromatix_oxygen_s5k5e8_ofilm_snapshot.so,8,arch     arm,bits     16,endian   little,machine  ARM,os       android,False,False,False,[Linked libraries];libcutils.so;libc++.so;libdl.so;libc.so;libm.so;5 libraries
libchromatix_oxygen_s5k5e8_ofilm_video_full.so,8,arch     arm,bits     16,endian   little,machine  ARM,os       android,False,False,False,[Linked libraries];libcutils.so;libc++.so;libdl.so;libc.so;libm.so;5 libraries
libchromatix_oxygen_s5k5e8_ofilm_zsl_preview.so,8,arch     arm,bits     16,endian   little,machine  ARM,os       android,False,False,False,[Linked libraries];libcutils.so;libc++.so;libdl.so;libc.so;libm.so;5 libraries
libchromatix_oxygen_s5k5e8_ofilm_zsl_video.so,8,arch     arm,bits     16,endian   little,machine  ARM,os       android,False,False,False,[Linked libraries];libcutils.so;libc++.so;libdl.so;libc.so;libm.so;5 libraries
libchromatix_oxygen_s5k5e8_qtech_common.so,8,arch     arm,bits     16,endian   little,machine  ARM,os       android,False,False,False,[Linked libraries];libcutils.so;libc++.so;libdl.so;libc.so;libm.so;5 libraries
libchromatix_oxygen_s5k5e8_qtech_cpp_ds_chromatix.so,8,arch     arm,bits     16,endian   little,machine  ARM,os       android,False,False,False,[Linked libraries];libcutils.so;libc++.so;libdl.so;libc.so;libm.so;5 libraries
libchromatix_oxygen_s5k5e8_qtech_cpp_liveshot.so,8,arch     arm,bits     16,endian   little,machine  ARM,os       android,False,False,False,[Linked libraries];libcutils.so;libc++.so;libdl.so;libc.so;libm.so;5 libraries
libchromatix_oxygen_s5k5e8_qtech_cpp_preview.so,8,arch     arm,bits     16,endian   little,machine  ARM,os       android,False,False,False,[Linked libraries];libcutils.so;libc++.so;libdl.so;libc.so;libm.so;5 libraries
libchromatix_oxygen_s5k5e8_qtech_cpp_snapshot.so,8,arch     arm,bits     16,endian   little,machine  ARM,os       android,False,False,False,[Linked libraries];libcutils.so;libc++.so;libdl.so;libc.so;libm.so;5 libraries
libchromatix_oxygen_s5k5e8_qtech_cpp_us_chromatix.so,8,arch     arm,bits     16,endian   little,machine  ARM,os       android,False,False,False,[Linked libraries];libcutils.so;libc++.so;libdl.so;libc.so;libm.so;5 libraries
libchromatix_oxygen_s5k5e8_qtech_cpp_video.so,8,arch     arm,bits     16,endian   little,machine  ARM,os       android,False,False,False,[Linked libraries];libcutils.so;libc++.so;libdl.so;libc.so;libm.so;5 libraries
libchromatix_oxygen_s5k5e8_qtech_cpp_video_full.so,8,arch     arm,bits     16,endian   little,machine  ARM,os       android,False,False,False,[Linked libraries];libcutils.so;libc++.so;libdl.so;libc.so;libm.so;5 libraries
libchromatix_oxygen_s5k5e8_qtech_default_preview.so,8,arch     arm,bits     16,endian   little,machine  ARM,os       android,False,False,False,[Linked libraries];libcutils.so;libc++.so;libdl.so;libc.so;libm.so;5 libraries
libchromatix_oxygen_s5k5e8_qtech_default_video.so,8,arch     arm,bits     16,endian   little,machine  ARM,os       android,False,False,False,[Linked libraries];libcutils.so;libc++.so;libdl.so;libc.so;libm.so;5 libraries
libchromatix_oxygen_s5k5e8_qtech_postproc.so,8,arch     arm,bits     16,endian   little,machine  ARM,os       android,False,False,False,[Linked libraries];libcutils.so;libc++.so;libdl.so;libc.so;libm.so;5 libraries
libchromatix_oxygen_s5k5e8_qtech_preview.so,8,arch     arm,bits     16,endian   little,machine  ARM,os       android,False,False,False,[Linked libraries];libcutils.so;libc++.so;libdl.so;libc.so;libm.so;5 libraries
libchromatix_oxygen_s5k5e8_qtech_snapshot.so,8,arch     arm,bits     16,endian   little,machine  ARM,os       android,False,False,False,[Linked libraries];libcutils.so;libc++.so;libdl.so;libc.so;libm.so;5 libraries
libchromatix_oxygen_s5k5e8_qtech_video_full.so,8,arch     arm,bits     16,endian   little,machine  ARM,os       android,False,False,False,[Linked libraries];libcutils.so;libc++.so;libdl.so;libc.so;libm.so;5 libraries
libchromatix_oxygen_s5k5e8_qtech_zsl_preview.so,8,arch     arm,bits     16,endian   little,machine  ARM,os       android,False,False,False,[Linked libraries];libcutils.so;libc++.so;libdl.so;libc.so;libm.so;5 libraries
libchromatix_oxygen_s5k5e8_qtech_zsl_video.so,8,arch     arm,bits     16,endian   little,machine  ARM,os       android,False,False,False,[Linked libraries];libcutils.so;libc++.so;libdl.so;libc.so;libm.so;5 libraries
libcne.so,1271,arch     arm,bits     64,endian   little,machine  ARM aarch64,os       android,False,False,False,[Linked libraries];libcutils.so;liblog.so;libdiag.so;libnetutils.so;libutils.so;libcneapiclient.so;libqmiservices.so;libqmi_cci.so;libqti_vndfwk_detect.so;libhardware_legacy.so;libhidlbase.so;libnl.so;libidl.so;vendor.qti.hardware.data.cne.internal.server@1.0.so;vendor.qti.hardware.data.cne.internal.api@1.0.so;vendor.qti.hardware.data.cne.internal.constants@1.0.so;vendor.qti.hardware.data.latency@1.0.so;vendor.qti.hardware.data.lce@1.0.so;libandroid_net.so;vendor.qti.data.factory@2.0.so;vendor.qti.data.factory@2.1.so;vendor.qti.data.factory@2.2.so;vendor.qti.data.factory@2.3.so;vendor.qti.hardware.data.qmi@1.0.so;vendor.qti.hardware.data.dynamicdds@1.0.so;vendor.qti.ims.rcsconfig@1.0.so;vendor.qti.ims.rcsconfig@1.1.so;vendor.qti.latency@2.0.so;vendor.qti.latency@2.1.so;vendor.qti.hardware.mwqemadapter@1.0.so;vendor.qti.data.mwqem@1.0.so;libwpa_client.so;libc++.so;libc.so;libm.so;libdl.so;36 libraries
libcneapiclient.so,231,arch     arm,bits     64,endian   little,machine  ARM aarch64,os       android,False,False,False,[Linked libraries];libcutils.so;libnetutils.so;libutils.so;libdiag.so;liblog.so;libhidlbase.so;vendor.qti.hardware.data.cne.internal.api@1.0.so;vendor.qti.data.factory@2.0.so;vendor.qti.data.factory@2.1.so;vendor.qti.data.factory@2.2.so;libandroid_net.so;libc++.so;libc.so;libm.so;libdl.so;15 libraries
libcneoplookup.so,6,arch     arm,bits     64,endian   little,machine  ARM aarch64,os       android,False,False,False,[Linked libraries];libcutils.so;liblog.so;libc++.so;libc.so;libm.so;libdl.so;6 libraries
libconfigdb.so,63,arch     arm,bits     64,endian   little,machine  ARM aarch64,os       android,False,False,False,[Linked libraries];libxml.so;libdsutils.so;libdiag.so;liblog.so;libc++.so;libc.so;libm.so;libdl.so;8 libraries
libcpion.so,14,arch     arm,bits     64,endian   little,machine  ARM aarch64,os       android,False,False,False,[Linked libraries];liblog.so;libion.so;libc++.so;libc.so;libm.so;libdl.so;6 libraries
libdataitems.so,308,arch     arm,bits     64,endian   little,machine  ARM aarch64,os       android,False,False,False,[Linked libraries];libutils.so;libcutils.so;libgps.utils.so;liblog.so;libloc_core.so;libc++.so;libc.so;libm.so;libdl.so;9 libraries
libdiag.so,456,arch     arm,bits     16,endian   little,machine  ARM,os       android,False,False,False,[Linked libraries];liblog.so;libc.so;libcutils.so;libc++.so;libm.so;libdl.so;6 libraries
libdirac-capiv2.so,14,arch     hexagon,bits     32,endian   little,machine  QUALCOMM DSP6 Processor,os       linux,False,False,False,[Linked libraries];libgcc.so;1 library
libdirac.so,47,arch     arm,bits     16,endian   little,machine  ARM,os       android,False,False,False,[Linked libraries];libcutils.so;libutils.so;libmedia.so;libc++.so;libdl.so;libc.so;libm.so;7 libraries
libdisp-aba.so,213,arch     arm,bits     64,endian   little,machine  ARM aarch64,os       android,False,False,False,[Linked libraries];libcutils.so;liblog.so;libc++.so;libc.so;libm.so;libdl.so;6 libraries
libdownmix.so,7,arch     arm,bits     16,endian   little,machine  ARM,os       android,False,False,False,[Linked libraries];libcutils.so;liblog.so;libc++.so;libdl.so;libc.so;libm.so;6 libraries
libdpmqmihal.so,84,arch     arm,bits     64,endian   little,machine  ARM aarch64,os       android,False,False,False,[Linked libraries];libhidlbase.so;liblog.so;libcutils.so;libbase.so;libutils.so;libhardware_legacy.so;libhardware.so;com.qualcomm.qti.dpm.api@1.0.so;libc++.so;libc.so;libm.so;libdl.so;12 libraries
libdrc.so,222,arch     arm,bits     16,endian   little,machine  ARM,os       android,False,False,False,[Linked libraries];libc++.so;libc.so;libm.so;libdl.so;4 libraries
libdrmfs.so,53,arch     arm,bits     64,endian   little,machine  ARM aarch64,os       android,False,False,False,[Linked libraries];libutils.so;libcutils.so;libdiag.so;liblog.so;libQSEEComAPI.so;libxml2.so;libc++.so;libc.so;libm.so;libdl.so;10 libraries
libdrmtime.so,5,arch     arm,bits     64,endian   little,machine  ARM aarch64,os       android,False,False,False,[Linked libraries];libutils.so;libcutils.so;libdiag.so;liblog.so;libQSEEComAPI.so;libtime_genoff.so;libc++.so;libc.so;libm.so;libdl.so;10 libraries
libdsi_netctrl.so,230,arch     arm,bits     64,endian   little,machine  ARM aarch64,os       android,False,False,False,[Linked libraries];libqdi.so;libdiag.so;libcutils.so;liblog.so;libnetmgr.so;libdsutils.so;libconfigdb.so;libqmiservices.so;libqmi_cci.so;libqmi_common_so.so;libqmi_client_qmux.so;libqmi_client_helper.so;libqmi.so;libc++.so;libc.so;libm.so;libdl.so;17 libraries
libdspCV_skel.so,41,arch     hexagon,bits     32,endian   little,machine  QUALCOMM DSP6 Processor,os       linux,False,False,False,[Linked libraries];libc.so;libapps_mem_heap.so;libgcc.so;3 libraries
libdsutils.so,135,arch     arm,bits     64,endian   little,machine  ARM aarch64,os       android,False,False,False,[Linked libraries];liblog.so;libdiag.so;libcutils.so;libmdmdetect.so;libnetutils.so;libc++.so;libc.so;libm.so;libdl.so;9 libraries
libdynproc.so,16,arch     arm,bits     16,endian   little,machine  ARM,os       android,False,False,False,[Linked libraries];libcutils.so;liblog.so;libc++.so;libc.so;libm.so;libdl.so;6 libraries
libeffectproxy.so,7,arch     arm,bits     16,endian   little,machine  ARM,os       android,False,False,False,[Linked libraries];liblog.so;libcutils.so;libutils.so;libdl.so;libeffects.so;libc++.so;libc.so;libm.so;8 libraries
libfastcvadsp.so,1071,arch     hexagon,bits     32,endian   little,machine  QUALCOMM DSP6 Processor,os       linux,False,False,False,[Linked libraries];libc.so;libdspCV_skel.so;libapps_mem_heap.so;libgcc.so;4 libraries
libfastcvadsp_skel.so,523,arch     hexagon,bits     32,endian   little,machine  QUALCOMM DSP6 Processor,os       linux,False,False,False,[Linked libraries];libc.so;libfastcvadsp.so;libgcc.so;3 libraries
libfastcvadsp_stub.so,531,arch     arm,bits     16,endian   little,machine  ARM,os       android,False,False,False,[Linked libraries];liblog.so;libadsprpc.so;libc++.so;libc.so;libm.so;libdl.so;6 libraries
libfastcvopt.so,4343,arch     arm,bits     16,endian   little,machine  ARM,os       android,False,False,False,[Linked libraries];liblog.so;libion.so;libc++.so;libc.so;libm.so;libdl.so;6 libraries
libflash_pmic.so,8,arch     arm,bits     16,endian   little,machine  ARM,os       android,False,False,False,[Linked libraries];libcutils.so;libc++.so;libdl.so;libc.so;libm.so;5 libraries
libgcs-calwrapper.so,19,arch     arm,bits     16,endian   little,machine  ARM,os       android,False,False,False,[Linked libraries];libgcs-osal.so;liblog.so;libc++.so;libc.so;libm.so;libdl.so;6 libraries
libgcs-ipc.so,25,arch     arm,bits     16,endian   little,machine  ARM,os       android,False,False,False,[Linked libraries];liblog.so;libexpat.so;libgcs-osal.so;libc++.so;libc.so;libm.so;libdl.so;7 libraries
libgcs-osal.so,26,arch     arm,bits     16,endian   little,machine  ARM,os       android,False,False,False,[Linked libraries];liblog.so;libc++.so;libc.so;libm.so;libdl.so;5 libraries
libgcs.so,27,arch     arm,bits     16,endian   little,machine  ARM,os       android,False,False,False,[Linked libraries];libgcs-osal.so;libgcs-calwrapper.so;libgcs-ipc.so;liblog.so;libc++.so;libc.so;libm.so;libdl.so;8 libraries
libgdtap.so,40,arch     arm,bits     64,endian   little,machine  ARM aarch64,os       android,False,False,False,[Linked libraries];libutils.so;libcutils.so;libgps.utils.so;liblog.so;libloc_core.so;libizat_core.so;liblbs_core.so;libc++.so;libc.so;libm.so;libdl.so;11 libraries
libgf_algo.so,40,arch     arm,bits     64,endian   little,machine  ARM aarch64,os       android,False,False,False,[Linked libraries];libcutils.so;liblog.so;libstdc++.so;libm.so;libc.so;libdl.so;6 libraries
libgf_ca.so,17,arch     arm,bits     64,endian   little,machine  ARM aarch64,os       android,False,False,False,[Linked libraries];libQSEEComAPI.so;libc++.so;libdl.so;libc.so;libm.so;liblog.so;6 libraries
libgf_hal.so,213,arch     arm,bits     64,endian   little,machine  ARM aarch64,os       android,False,False,False,[Linked libraries];libbinder.so;liblog.so;libhardware.so;libcutils.so;libutils.so;libgf_algo.so;libgf_ca.so;libc++.so;libdl.so;libc.so;libm.so;11 libraries
libgsl.so,407,arch     arm,bits     16,endian   little,machine  ARM,os       android,False,False,False,[Linked libraries];libcutils.so;liblog.so;libz.so;libsync.so;libion.so;libc++.so;libc.so;libm.so;libdl.so;9 libraries
libhapticgenerator.so,244,arch     arm,bits     16,endian   little,machine  ARM,os       android,False,False,False,[Linked libraries];libaudioutils.so;libbase.so;libbinder.so;liblog.so;libutils.so;libvibrator.so;libc++.so;libc.so;libm.so;libdl.so;10 libraries
libhdcpsrm.so,10,arch     arm,bits     64,endian   little,machine  ARM aarch64,os       android,False,False,False,[Linked libraries];liblog.so;libQSEEComAPI.so;libc++.so;libc.so;libm.so;libdl.so;6 libraries
libhdmipassthru.so,49,arch     arm,bits     16,endian   little,machine  ARM,os       android,False,False,False,[Linked libraries];libaudioparsers.so;libaudioroute.so;libaudioutils.so;libcutils.so;libexpat.so;liblog.so;libtinyalsa.so;libtinycompress.so;libaudio_log_utils.so;libc++.so;libc.so;libm.so;libdl.so;13 libraries
libhdr_tm.so,50,arch     arm,bits     64,endian   little,machine  ARM aarch64,os       android,False,False,False,[Linked libraries];liblog.so;libsdm-color.so;libtinyxml2_1.so;libcutils.so;libutils.so;libbinder.so;libc++.so;libc.so;libm.so;libdl.so;10 libraries
libidl.so,20,arch     arm,bits     64,endian   little,machine  ARM aarch64,os       android,False,False,False,[Linked libraries];libc++.so;libc.so;libm.so;libdl.so;4 libraries
libizat_client_api.so,374,arch     arm,bits     64,endian   little,machine  ARM aarch64,os       android,False,False,False,[Linked libraries];liblog.so;libgps.utils.so;libc++.so;libc.so;libm.so;libdl.so;6 libraries
libizat_core.so,344,arch     arm,bits     64,endian   little,machine  ARM aarch64,os       android,False,False,False,[Linked libraries];libutils.so;libcutils.so;libloc_core.so;libgps.utils.so;libloc_api_v02.so;libsqlite.so;liblog.so;libc++.so;libc.so;libm.so;libdl.so;11 libraries
libjnihelper.so,58,arch     arm,bits     64,endian   little,machine  ARM aarch64,os       android,False,False,False,[Linked libraries];libcutils.so;liblog.so;libqmiservices.so;libqmi_cci.so;libcacertclient.so;libc++.so;libc.so;libm.so;libdl.so;9 libraries
libjpegdhw.so,35,arch     arm,bits     16,endian   little,machine  ARM,os       android,False,False,False,[Linked libraries];libcutils.so;libc++.so;libdl.so;libc.so;libm.so;5 libraries
libjpegdmahw.so,41,arch     arm,bits     16,endian   little,machine  ARM,os       android,False,False,False,[Linked libraries];libcutils.so;libc++.so;libdl.so;libc.so;libm.so;5 libraries
libjpegehw.so,63,arch     arm,bits     16,endian   little,machine  ARM,os       android,False,False,False,[Linked libraries];libcutils.so;libc++.so;libdl.so;libc.so;libm.so;5 libraries
liblbs_core.so,149,arch     arm,bits     64,endian   little,machine  ARM aarch64,os       android,False,False,False,[Linked libraries];liblog.so;libutils.so;libcutils.so;libizat_core.so;libloc_core.so;libgps.utils.so;libcrypto.so;libsqlite.so;libloc_api_v02.so;libmdmdetect.so;libperipheral_client.so;libpdmapper.so;libc++.so;libc.so;libm.so;libdl.so;16 libraries
libldnhncr.so,7,arch     arm,bits     16,endian   little,machine  ARM,os       android,False,False,False,[Linked libraries];libcutils.so;liblog.so;libc++.so;libdl.so;libc.so;libm.so;6 libraries
liblearningmodule.so,105,arch     arm,bits     64,endian   little,machine  ARM aarch64,os       android,False,False,False,[Linked libraries];liblog.so;libc.so;libcutils.so;libutils.so;libtinyxml2.so;libsqlite.so;libperfgluelayer.so;libperfconfig.so;libc++.so;libm.so;libdl.so;11 libraries
libllvd_smore.so,11,arch     arm,bits     16,endian   little,machine  ARM,os       android,False,False,False,[Linked libraries];libcutils.so;libdl.so;libseemore.so;libc++.so;libc.so;libm.so;6 libraries
libllvm-glnext.so,52,arch     arm,bits     16,endian   little,machine  ARM,os       android,False,False,False,[Linked libraries];libgsl.so;libc++.so;libc.so;libm.so;libdl.so;5 libraries
libllvm-qcom.so,52,arch     arm,bits     16,endian   little,machine  ARM,os       android,False,False,False,[Linked libraries];libc++.so;libc.so;libm.so;libdl.so;4 libraries
libloc_api_v02.so,180,arch     arm,bits     64,endian   little,machine  ARM aarch64,os       android,False,False,False,[Linked libraries];libutils.so;libcutils.so;libqmi_cci.so;libqmi_common_so.so;libloc_core.so;libgps.utils.so;liblog.so;libc++.so;libc.so;libm.so;libdl.so;11 libraries
libloc_socket.so,5,arch     arm,bits     64,endian   little,machine  ARM aarch64,os       android,False,False,False,[Linked libraries];libutils.so;libcutils.so;liblog.so;libgps.utils.so;libqsocket.so;libc++.so;libc.so;libm.so;libdl.so;9 libraries
liblocationservice.so,852,arch     arm,bits     64,endian   little,machine  ARM aarch64,os       android,False,False,False,[Linked libraries];libcutils.so;liblog.so;libloc_core.so;libgps.utils.so;liblbs_core.so;libdataitems.so;liblowi_client.so;libizat_core.so;liblocation_api.so;libc++.so;libc.so;libm.so;libdl.so;13 libraries
liblocationservice_glue.so,66,arch     arm,bits     64,endian   little,machine  ARM aarch64,os       android,False,False,False,[Linked libraries];liblocationservice.so;libcutils.so;liblog.so;libloc_core.so;libgps.utils.so;libhardware_legacy.so;liblbs_core.so;libdataitems.so;liblocation_api.so;libutils.so;libc++.so;libc.so;libm.so;libdl.so;14 libraries
liblowi_client.so,818,arch     arm,bits     64,endian   little,machine  ARM aarch64,os       android,False,False,False,[Linked libraries];libutils.so;libcutils.so;liblog.so;libc++.so;libc.so;libm.so;libdl.so;7 libraries
liblqe.so,37,arch     arm,bits     64,endian   little,machine  ARM aarch64,os       android,False,False,False,[Linked libraries];libdiag.so;libdsutils.so;libcutils.so;libqmiservices.so;libqmi_cci.so;libqmi_common_so.so;libqmi_client_helper.so;liblog.so;libc++.so;libc.so;libm.so;libdl.so;12 libraries
libmdmdetect.so,15,arch     arm,bits     64,endian   little,machine  ARM aarch64,os       android,False,False,False,[Linked libraries];libcutils.so;libutils.so;liblog.so;libc++.so;libc.so;libm.so;libdl.so;7 libraries
libmeters-ns.so,117,arch     arm,bits     64,endian   little,machine  ARM aarch64,os       android,False,False,False,[Linked libraries];liblog.so;libcutils.so;liblearningmodule.so;libqti-perfd-client.so;libqti-perfd.so;libc++.so;libc.so;libm.so;libdl.so;9 libraries
libmeters.so,10,arch     arm,bits     64,endian   little,machine  ARM aarch64,os       android,False,False,False,[Linked libraries];liblog.so;libc.so;libcutils.so;liblearningmodule.so;libc++.so;libm.so;libdl.so;7 libraries
libminksocket.so,45,arch     arm,bits     64,endian   little,machine  ARM aarch64,os       android,False,False,False,[Linked libraries];libqrtr.so;libcutils.so;liblog.so;libc++.so;libc.so;libm.so;libdl.so;7 libraries
libmisoundfx.so,78,arch     arm,bits     16,endian   little,machine  ARM,os       android,False,False,False,[Linked libraries];libcutils.so;libutils.so;liblog.so;libc++.so;libc.so;libm.so;libdl.so;7 libraries
libmmcamera2_c2d_module.so,78,arch     arm,bits     16,endian   little,machine  ARM,os       android,False,False,False,[Linked libraries];libcutils.so;libmmcamera2_mct.so;libdl.so;libmmcamera2_pp_buf_mgr.so;libmmcamera_dbg.so;libc++.so;libc.so;libm.so;8 libraries
libmmcamera2_cpp_module.so,348,arch     arm,bits     16,endian   little,machine  ARM,os       android,False,False,False,[Linked libraries];libcutils.so;libmmcamera2_mct.so;libmmcamera2_pp_buf_mgr.so;libmmcamera_dbg.so;libc++.so;libdl.so;libc.so;libm.so;8 libraries
libmmcamera2_dcrf.so,289,arch     arm,bits     16,endian   little,machine  ARM,os       android,False,False,False,[Linked libraries];libcutils.so;liblog.so;libdl.so;libc++.so;libc.so;libm.so;6 libraries
libmmcamera2_frame_algorithm.so,10,arch     arm,bits     16,endian   little,machine  ARM,os       android,False,False,False,[Linked libraries];libmmcamera_dbg.so;libdl.so;libcutils.so;libc++.so;libc.so;libm.so;6 libraries
libmmcamera2_iface_modules.so,305,arch     arm,bits     16,endian   little,machine  ARM,os       android,False,False,False,[Linked libraries];liblog.so;libcutils.so;libmmcamera2_mct.so;libmmcamera2_isp_modules.so;libdl.so;libmmcamera_dbg.so;libc++.so;libc.so;libm.so;9 libraries
libmmcamera2_imglib_modules.so,378,arch     arm,bits     16,endian   little,machine  ARM,os       android,False,False,False,[Linked libraries];liblog.so;libcutils.so;libmmcamera2_mct.so;libmmcamera_imglib.so;libmmcamera_dbg.so;libdl.so;libc++.so;libc.so;libm.so;9 libraries
libmmcamera2_is.so,151,arch     arm,bits     16,endian   little,machine  ARM,os       android,False,False,False,[Linked libraries];libdl.so;libcutils.so;libmmcamera_dbg.so;libc++.so;libc.so;libm.so;6 libraries
libmmcamera2_isp_modules.so,308,arch     arm,bits     16,endian   little,machine  ARM,os       android,False,False,False,[Linked libraries];libdl.so;libcutils.so;libmmcamera2_mct.so;libmmcamera_dbg.so;libc++.so;libc.so;libm.so;7 libraries
libmmcamera2_mct.so,212,arch     arm,bits     16,endian   little,machine  ARM,os       android,False,False,False,[Linked libraries];libdl.so;liblog.so;libcutils.so;libmmcamera_dbg.so;libc++.so;libc.so;libm.so;7 libraries
libmmcamera2_mct_shimlayer.so,17,arch     arm,bits     16,endian   little,machine  ARM,os       android,False,False,False,[Linked libraries];libcutils.so;libdl.so;libmmcamera2_mct.so;libmmcamera2_stats_modules.so;libmmcamera2_iface_modules.so;libmmcamera2_isp_modules.so;libmmcamera2_sensor_modules.so;libmmcamera2_pproc_modules.so;libmmcamera2_imglib_modules.so;libmmcamera_thread_services.so;libmmcamera_dbg.so;libc++.so;libc.so;libm.so;14 libraries
libmmcamera2_pp_buf_mgr.so,26,arch     arm,bits     16,endian   little,machine  ARM,os       android,False,False,False,[Linked libraries];libcutils.so;libmmcamera2_mct.so;libmmcamera_dbg.so;libc++.so;libdl.so;libc.so;libm.so;7 libraries
libmmcamera2_pproc_modules.so,20,arch     arm,bits     16,endian   little,machine  ARM,os       android,False,False,False,[Linked libraries];liblog.so;libcutils.so;libmmcamera2_cpp_module.so;libmmcamera2_mct.so;libdl.so;libmmcamera2_imglib_modules.so;libmmcamera_ppbase_module.so;libmmcamera_eztune_module.so;libmmcamera2_c2d_module.so;libmmcamera_dbg.so;libc++.so;libc.so;libm.so;13 libraries
libmmcamera2_q3a_core.so,493,arch     arm,bits     16,endian   little,machine  ARM,os       android,False,False,False,[Linked libraries];libdl.so;libcutils.so;libmmcamera2_stats_algorithm.so;libmmcamera2_is.so;libmmcamera_dbg.so;libc++.so;libc.so;libm.so;8 libraries
libmmcamera2_sensor_modules.so,494,arch     arm,bits     16,endian   little,machine  ARM,os       android,False,False,False,[Linked libraries];libdl.so;libcutils.so;libmmcamera2_mct.so;libz.so;libxml2.so;libmmcamera_dbg.so;libmmcamera_pdaf.so;libmmcamera_pdafcamif.so;libc++.so;libc.so;libm.so;11 libraries
libmmcamera2_stats_algorithm.so,39,arch     arm,bits     16,endian   little,machine  ARM,os       android,False,False,False,[Linked libraries];libdl.so;libcutils.so;libmmcamera_dbg.so;libc++.so;libc.so;libm.so;6 libraries
libmmcamera2_stats_modules.so,426,arch     arm,bits     16,endian   little,machine  ARM,os       android,False,False,False,[Linked libraries];libdl.so;libcutils.so;libmmcamera2_mct.so;libmmcamera2_is.so;libmmcamera2_stats_algorithm.so;libui.so;libwui.so;libshims_android.so;libutils.so;libmmcamera_dbg.so;libsensor1.so;libc++.so;libc.so;libm.so;14 libraries
libmmcamera_cac3_lib.so,235,arch     arm,bits     16,endian   little,machine  ARM,os       android,False,False,False,[Linked libraries];libcutils.so;libdl.so;libOpenCL.so;libc++.so;libc.so;libm.so;6 libraries
libmmcamera_chromaflash_lib.so,17,arch     arm,bits     16,endian   little,machine  ARM,os       android,False,False,False,[Linked libraries];libchromaflash.so;libdl.so;libcutils.so;liblog.so;libc++.so;libc.so;libm.so;7 libraries
libmmcamera_dbg.so,54,arch     arm,bits     16,endian   little,machine  ARM,os       android,False,False,False,[Linked libraries];libdl.so;libcutils.so;libc++.so;libc.so;libm.so;5 libraries
libmmcamera_dcrf_lib.so,40,arch     arm,bits     16,endian   little,machine  ARM,os       android,False,False,False,[Linked libraries];libmmcamera2_dcrf.so;libmmcamera_dbg.so;libdl.so;libutils.so;libcutils.so;liblog.so;libc++.so;libc.so;libm.so;9 libraries
libmmcamera_dummyalgo.so,11,arch     arm,bits     16,endian   little,machine  ARM,os       android,False,False,False,[Linked libraries];libdl.so;libcutils.so;liblog.so;libmmcamera_imglib.so;libmmcamera_dbg.so;libc++.so;libc.so;libm.so;8 libraries
libmmcamera_eeprom_util.so,21,arch     arm,bits     16,endian   little,machine  ARM,os       android,False,False,False,[Linked libraries];liblog.so;libcutils.so;libc++.so;libdl.so;libc.so;libm.so;6 libraries
libmmcamera_eztune_module.so,26,arch     arm,bits     16,endian   little,machine  ARM,os       android,False,False,False,[Linked libraries];libcutils.so;libdl.so;libmmcamera2_mct.so;libmmcamera_ppbase_module.so;libmmcamera_dbg.so;libc++.so;libc.so;libm.so;8 libraries
libmmcamera_facedetection_lib.so,35,arch     arm,bits     16,endian   little,machine  ARM,os       android,False,False,False,[Linked libraries];libdl.so;libcutils.so;liblog.so;libmmcamera_dbg.so;libc++.so;libc.so;libm.so;7 libraries
libmmcamera_faceproc.so,814,arch     arm,bits     16,endian   little,machine  ARM,os       android,False,False,False,[Linked libraries];libc++.so;libdl.so;libc.so;libm.so;4 libraries
libmmcamera_faceproc2.so,1068,arch     arm,bits     16,endian   little,machine  ARM,os       android,False,False,False,[Linked libraries];libc++.so;libdl.so;libc.so;libm.so;4 libraries
libmmcamera_hdr_gb_lib.so,223,arch     arm,bits     16,endian   little,machine  ARM,os       android,False,False,False,[Linked libraries];libdl.so;libcutils.so;libstdc++.so;libc++.so;libc.so;libm.so;6 libraries
libmmcamera_imglib.so,455,arch     arm,bits     16,endian   little,machine  ARM,os       android,False,False,False,[Linked libraries];libdl.so;libcutils.so;liblog.so;libmmcamera_dbg.so;libfastcvopt.so;libc++.so;libc.so;libm.so;8 libraries
libmmcamera_isp_abf40.so,15,arch     arm,bits     16,endian   little,machine  ARM,os       android,False,False,False,[Linked libraries];libcutils.so;libmmcamera2_mct.so;libmmcamera_isp_sub_module.so;libmmcamera_dbg.so;libc++.so;libdl.so;libc.so;libm.so;8 libraries
libmmcamera_isp_bcc40.so,18,arch     arm,bits     16,endian   little,machine  ARM,os       android,False,False,False,[Linked libraries];libcutils.so;libmmcamera2_mct.so;libmmcamera_isp_sub_module.so;libmmcamera_dbg.so;libc++.so;libdl.so;libc.so;libm.so;8 libraries
libmmcamera_isp_be_stats44.so,17,arch     arm,bits     16,endian   little,machine  ARM,os       android,False,False,False,[Linked libraries];libcutils.so;libmmcamera2_mct.so;libmmcamera_isp_sub_module.so;libmmcamera_dbg.so;libc++.so;libdl.so;libc.so;libm.so;8 libraries
libmmcamera_isp_bf_stats47.so,40,arch     arm,bits     16,endian   little,machine  ARM,os       android,False,False,False,[Linked libraries];libcutils.so;libmmcamera2_mct.so;libmmcamera_isp_sub_module.so;libmmcamera_dbg.so;libc++.so;libdl.so;libc.so;libm.so;8 libraries
libmmcamera_isp_bg_stats44.so,18,arch     arm,bits     16,endian   little,machine  ARM,os       android,False,False,False,[Linked libraries];libcutils.so;libmmcamera2_mct.so;libmmcamera_isp_sub_module.so;libmmcamera_dbg.so;libc++.so;libdl.so;libc.so;libm.so;8 libraries
libmmcamera_isp_bhist_stats44.so,19,arch     arm,bits     16,endian   little,machine  ARM,os       android,False,False,False,[Linked libraries];libcutils.so;libmmcamera2_mct.so;libmmcamera_isp_sub_module.so;libmmcamera_dbg.so;libc++.so;libdl.so;libc.so;libm.so;8 libraries
libmmcamera_isp_bpc40.so,18,arch     arm,bits     16,endian   little,machine  ARM,os       android,False,False,False,[Linked libraries];libcutils.so;libmmcamera2_mct.so;libmmcamera_isp_sub_module.so;libmmcamera_dbg.so;libc++.so;libdl.so;libc.so;libm.so;8 libraries
libmmcamera_isp_chroma_enhan40.so,30,arch     arm,bits     16,endian   little,machine  ARM,os       android,False,False,False,[Linked libraries];libcutils.so;libmmcamera2_mct.so;libmmcamera_isp_sub_module.so;libmmcamera_dbg.so;libc++.so;libdl.so;libc.so;libm.so;8 libraries
libmmcamera_isp_chroma_suppress40.so,14,arch     arm,bits     16,endian   little,machine  ARM,os       android,False,False,False,[Linked libraries];libcutils.so;libmmcamera2_mct.so;libmmcamera_isp_sub_module.so;libmmcamera_dbg.so;libc++.so;libdl.so;libc.so;libm.so;8 libraries
libmmcamera_isp_clamp_encoder40.so,12,arch     arm,bits     16,endian   little,machine  ARM,os       android,False,False,False,[Linked libraries];libcutils.so;libmmcamera2_mct.so;libmmcamera_isp_sub_module.so;libmmcamera_dbg.so;libc++.so;libdl.so;libc.so;libm.so;8 libraries
libmmcamera_isp_clamp_video40.so,12,arch     arm,bits     16,endian   little,machine  ARM,os       android,False,False,False,[Linked libraries];libcutils.so;libmmcamera2_mct.so;libmmcamera_isp_sub_module.so;libmmcamera_dbg.so;libc++.so;libdl.so;libc.so;libm.so;8 libraries
libmmcamera_isp_clamp_viewfinder40.so,12,arch     arm,bits     16,endian   little,machine  ARM,os       android,False,False,False,[Linked libraries];libcutils.so;libmmcamera2_mct.so;libmmcamera_isp_sub_module.so;libmmcamera_dbg.so;libc++.so;libdl.so;libc.so;libm.so;8 libraries
libmmcamera_isp_color_correct40.so,24,arch     arm,bits     16,endian   little,machine  ARM,os       android,False,False,False,[Linked libraries];libcutils.so;libmmcamera2_mct.so;libmmcamera_isp_sub_module.so;libmmcamera_dbg.so;libc++.so;libdl.so;libc.so;libm.so;8 libraries
libmmcamera_isp_color_xform_encoder40.so,12,arch     arm,bits     16,endian   little,machine  ARM,os       android,False,False,False,[Linked libraries];libcutils.so;libmmcamera2_mct.so;libmmcamera_isp_sub_module.so;libmmcamera_dbg.so;libc++.so;libdl.so;libc.so;libm.so;8 libraries
libmmcamera_isp_color_xform_viewfinder40.so,12,arch     arm,bits     16,endian   little,machine  ARM,os       android,False,False,False,[Linked libraries];libcutils.so;libmmcamera2_mct.so;libmmcamera_isp_sub_module.so;libmmcamera_dbg.so;libc++.so;libdl.so;libc.so;libm.so;8 libraries
libmmcamera_isp_cs_stats44.so,19,arch     arm,bits     16,endian   little,machine  ARM,os       android,False,False,False,[Linked libraries];libcutils.so;libmmcamera2_mct.so;libmmcamera_isp_sub_module.so;libmmcamera_dbg.so;libc++.so;libdl.so;libc.so;libm.so;8 libraries
libmmcamera_isp_demosaic40.so,17,arch     arm,bits     16,endian   little,machine  ARM,os       android,False,False,False,[Linked libraries];libcutils.so;libmmcamera2_mct.so;libmmcamera_isp_sub_module.so;libmmcamera_dbg.so;libc++.so;libdl.so;libc.so;libm.so;8 libraries
libmmcamera_isp_demux40.so,20,arch     arm,bits     16,endian   little,machine  ARM,os       android,False,False,False,[Linked libraries];libcutils.so;libmmcamera2_mct.so;libmmcamera_isp_sub_module.so;libmmcamera_dbg.so;libc++.so;libdl.so;libc.so;libm.so;8 libraries
libmmcamera_isp_fovcrop_encoder40.so,32,arch     arm,bits     16,endian   little,machine  ARM,os       android,False,False,False,[Linked libraries];libcutils.so;libmmcamera2_mct.so;libmmcamera_isp_sub_module.so;libmmcamera_dbg.so;libc++.so;libdl.so;libc.so;libm.so;8 libraries
libmmcamera_isp_fovcrop_viewfinder40.so,32,arch     arm,bits     16,endian   little,machine  ARM,os       android,False,False,False,[Linked libraries];libcutils.so;libmmcamera2_mct.so;libmmcamera_isp_sub_module.so;libmmcamera_dbg.so;libc++.so;libdl.so;libc.so;libm.so;8 libraries
libmmcamera_isp_gamma40.so,34,arch     arm,bits     16,endian   little,machine  ARM,os       android,False,False,False,[Linked libraries];libcutils.so;libmmcamera2_mct.so;libmmcamera_isp_sub_module.so;libmmcamera_dbg.so;libc++.so;libdl.so;libc.so;libm.so;8 libraries
libmmcamera_isp_ihist_stats44.so,17,arch     arm,bits     16,endian   little,machine  ARM,os       android,False,False,False,[Linked libraries];libcutils.so;libmmcamera2_mct.so;libmmcamera_isp_sub_module.so;libmmcamera_dbg.so;libc++.so;libdl.so;libc.so;libm.so;8 libraries
libmmcamera_isp_linearization40.so,25,arch     arm,bits     16,endian   little,machine  ARM,os       android,False,False,False,[Linked libraries];libcutils.so;libmmcamera2_mct.so;libmmcamera_isp_sub_module.so;libmmcamera_dbg.so;libc++.so;libdl.so;libc.so;libm.so;8 libraries
libmmcamera_isp_ltm44.so,74,arch     arm,bits     16,endian   little,machine  ARM,os       android,False,False,False,[Linked libraries];libcutils.so;libmmcamera2_mct.so;libmmcamera_isp_sub_module.so;libmmcamera_dbg.so;libc++.so;libdl.so;libc.so;libm.so;8 libraries
libmmcamera_isp_luma_adaptation40.so,25,arch     arm,bits     16,endian   little,machine  ARM,os       android,False,False,False,[Linked libraries];libcutils.so;libmmcamera2_mct.so;libmmcamera_isp_sub_module.so;libmmcamera_dbg.so;libc++.so;libdl.so;libc.so;libm.so;8 libraries
libmmcamera_isp_mce40.so,17,arch     arm,bits     16,endian   little,machine  ARM,os       android,False,False,False,[Linked libraries];libcutils.so;libmmcamera2_mct.so;libmmcamera_isp_sub_module.so;libmmcamera_dbg.so;libc++.so;libdl.so;libc.so;libm.so;8 libraries
libmmcamera_isp_mesh_rolloff40.so,43,arch     arm,bits     16,endian   little,machine  ARM,os       android,False,False,False,[Linked libraries];libcutils.so;libmmcamera2_mct.so;libmmcamera_isp_sub_module.so;libmmcamera_dbg.so;libc++.so;libdl.so;libc.so;libm.so;8 libraries
libmmcamera_isp_rs_stats44.so,22,arch     arm,bits     16,endian   little,machine  ARM,os       android,False,False,False,[Linked libraries];libcutils.so;libmmcamera2_mct.so;libmmcamera_isp_sub_module.so;libmmcamera_dbg.so;libc++.so;libdl.so;libc.so;libm.so;8 libraries
libmmcamera_isp_scaler_encoder44.so,37,arch     arm,bits     16,endian   little,machine  ARM,os       android,False,False,False,[Linked libraries];libcutils.so;libmmcamera2_mct.so;libmmcamera_isp_sub_module.so;libmmcamera_dbg.so;libc++.so;libdl.so;libc.so;libm.so;8 libraries
libmmcamera_isp_scaler_viewfinder44.so,37,arch     arm,bits     16,endian   little,machine  ARM,os       android,False,False,False,[Linked libraries];libcutils.so;libmmcamera2_mct.so;libmmcamera_isp_sub_module.so;libmmcamera_dbg.so;libc++.so;libdl.so;libc.so;libm.so;8 libraries
libmmcamera_isp_sce40.so,26,arch     arm,bits     16,endian   little,machine  ARM,os       android,False,False,False,[Linked libraries];libcutils.so;libmmcamera2_mct.so;libmmcamera_isp_sub_module.so;libmmcamera_dbg.so;libc++.so;libdl.so;libc.so;libm.so;8 libraries
libmmcamera_isp_sub_module.so,88,arch     arm,bits     16,endian   little,machine  ARM,os       android,False,False,False,[Linked libraries];libcutils.so;libmmcamera2_mct.so;libmmcamera_dbg.so;libc++.so;libdl.so;libc.so;libm.so;7 libraries
libmmcamera_isp_template.so,18,arch     arm,bits     16,endian   little,machine  ARM,os       android,False,False,False,[Linked libraries];libcutils.so;libmmcamera2_mct.so;libmmcamera_dbg.so;libc++.so;libdl.so;libc.so;libm.so;7 libraries
libmmcamera_isp_wb40.so,18,arch     arm,bits     16,endian   little,machine  ARM,os       android,False,False,False,[Linked libraries];libcutils.so;libmmcamera2_mct.so;libmmcamera_isp_sub_module.so;libmmcamera_dbg.so;libc++.so;libdl.so;libc.so;libm.so;8 libraries
libmmcamera_llvd.so,18,arch     arm,bits     16,endian   little,machine  ARM,os       android,False,False,False,[Linked libraries];libllvd_smore.so;libdl.so;libcutils.so;liblog.so;libc++.so;libc.so;libm.so;7 libraries
libmmcamera_optizoom_lib.so,15,arch     arm,bits     16,endian   little,machine  ARM,os       android,False,False,False,[Linked libraries];liboptizoom.so;libdl.so;libcutils.so;liblog.so;libc++.so;libc.so;libm.so;7 libraries
libmmcamera_oxygen_imx386_sunny.so,10,arch     arm,bits     16,endian   little,machine  ARM,os       android,True,False,False,[Linked libraries];libcutils.so;libc++.so;libdl.so;libc.so;libm.so;5 libraries
libmmcamera_oxygen_imx386_sunny_eeprom.so,10,arch     arm,bits     16,endian   little,machine  ARM,os       android,False,False,False,[Linked libraries];libcutils.so;libmmcamera_eeprom_util.so;liblog.so;libc++.so;libdl.so;libc.so;libm.so;7 libraries
libmmcamera_oxygen_ov12a_ofilm.so,10,arch     arm,bits     16,endian   little,machine  ARM,os       android,True,False,False,[Linked libraries];libcutils.so;libc++.so;libdl.so;libc.so;libm.so;5 libraries
libmmcamera_oxygen_ov12a_ofilm_eeprom.so,8,arch     arm,bits     16,endian   little,machine  ARM,os       android,False,False,False,[Linked libraries];libcutils.so;libmmcamera_eeprom_util.so;liblog.so;libc++.so;libdl.so;libc.so;libm.so;7 libraries
libmmcamera_oxygen_ov12a_sunny.so,10,arch     arm,bits     16,endian   little,machine  ARM,os       android,True,False,False,[Linked libraries];libcutils.so;libc++.so;libdl.so;libc.so;libm.so;5 libraries
libmmcamera_oxygen_ov12a_sunny_eeprom.so,8,arch     arm,bits     16,endian   little,machine  ARM,os       android,False,False,False,[Linked libraries];libcutils.so;libmmcamera_eeprom_util.so;liblog.so;libc++.so;libdl.so;libc.so;libm.so;7 libraries
libmmcamera_oxygen_s5k5e8_ofilm.so,10,arch     arm,bits     16,endian   little,machine  ARM,os       android,True,False,False,[Linked libraries];libcutils.so;libc++.so;libdl.so;libc.so;libm.so;5 libraries
libmmcamera_oxygen_s5k5e8_qtech.so,10,arch     arm,bits     16,endian   little,machine  ARM,os       android,True,False,False,[Linked libraries];libcutils.so;libc++.so;libdl.so;libc.so;libm.so;5 libraries
libmmcamera_oxygen_s5k5e8_qtech_eeprom.so,13,arch     arm,bits     16,endian   little,machine  ARM,os       android,False,False,False,[Linked libraries];liblog.so;libcutils.so;libmmcamera_eeprom_util.so;libc++.so;libdl.so;libc.so;libm.so;7 libraries
libmmcamera_paaf_lib.so,24,arch     arm,bits     16,endian   little,machine  ARM,os       android,False,False,False,[Linked libraries];libdl.so;libcutils.so;liblog.so;libmmcamera_dbg.so;libmmcamera2_frame_algorithm.so;libc++.so;libc.so;libm.so;8 libraries
libmmcamera_pdaf.so,173,arch     arm,bits     16,endian   little,machine  ARM,os       android,False,False,False,[Linked libraries];libcutils.so;libutils.so;libmmcamera_dbg.so;libc++.so;libdl.so;libc.so;libm.so;7 libraries
libmmcamera_pdafcamif.so,187,arch     arm,bits     16,endian   little,machine  ARM,os       android,False,False,False,[Linked libraries];libcutils.so;libutils.so;libmmcamera_dbg.so;libc++.so;libdl.so;libc.so;libm.so;7 libraries
libmmcamera_ppbase_module.so,23,arch     arm,bits     16,endian   little,machine  ARM,os       android,False,False,False,[Linked libraries];libcutils.so;libmmcamera2_mct.so;libmmcamera_dbg.so;libc++.so;libdl.so;libc.so;libm.so;7 libraries
libmmcamera_ppeiscore.so,53,arch     arm,bits     16,endian   little,machine  ARM,os       android,False,False,False,[Linked libraries];libshims_ui.so;libdl.so;libcutils.so;liblog.so;libwui.so;libEGL.so;libGLESv2.so;libhardware.so;libqdMetaData.so;libutils.so;libui.so;libmmcamera_dbg.so;libmmcamera_imglib.so;libc++.so;libc.so;libm.so;16 libraries
libmmcamera_quadracfa.so,18,arch     arm,bits     16,endian   little,machine  ARM,os       android,False,False,False,[Linked libraries];libdl.so;libcutils.so;liblog.so;libremosaic_daemon.so;libc++.so;libc.so;libm.so;7 libraries
libmmcamera_stillmore_lib.so,17,arch     arm,bits     16,endian   little,machine  ARM,os       android,False,False,False,[Linked libraries];libseemore.so;libdl.so;libcutils.so;liblog.so;libc++.so;libc.so;libm.so;7 libraries
libmmcamera_sw2d_lib.so,17,arch     arm,bits     16,endian   little,machine  ARM,os       android,False,False,False,[Linked libraries];libmmcamera_imglib.so;libmmcamera_dbg.so;libdl.so;libcutils.so;liblog.so;libfastcvopt.so;libc++.so;libc.so;libm.so;9 libraries
libmmcamera_thread_services.so,54,arch     arm,bits     16,endian   little,machine  ARM,os       android,False,False,False,[Linked libraries];liblog.so;libutils.so;libcutils.so;libdl.so;libc++.so;libc.so;libm.so;7 libraries
libmmcamera_tintless_algo.so,15,arch     arm,bits     16,endian   little,machine  ARM,os       android,False,False,False,[Linked libraries];libdl.so;libcutils.so;libmmcamera_dbg.so;libc++.so;libc.so;libm.so;6 libraries
libmmcamera_trueportrait_lib.so,16,arch     arm,bits     16,endian   little,machine  ARM,os       android,False,False,False,[Linked libraries];libtrueportrait.so;libdl.so;libcutils.so;liblog.so;libc++.so;libc.so;libm.so;7 libraries
libmmcamera_tuning.so,151,arch     arm,bits     16,endian   little,machine  ARM,os       android,False,False,False,[Linked libraries];libmmcamera_tuning_lookup.so;libmmcamera2_mct.so;libmmcamera2_stats_modules.so;libmmcamera2_iface_modules.so;libmmcamera2_isp_modules.so;libmmcamera2_sensor_modules.so;libmmcamera2_pproc_modules.so;libmmcamera2_imglib_modules.so;libmmcamera_eztune_module.so;libmm-qcamera.so;liblog.so;libdl.so;libcutils.so;libfastcvopt.so;libmmcamera_dbg.so;libc++.so;libc.so;libm.so;18 libraries
libmmcamera_tuning_lookup.so,22,arch     arm,bits     16,endian   little,machine  ARM,os       android,False,False,False,[Linked libraries];liblog.so;libdl.so;libcutils.so;libfastcvopt.so;libc++.so;libc.so;libm.so;7 libraries
libmmcamera_ubifocus_lib.so,21,arch     arm,bits     16,endian   little,machine  ARM,os       android,False,False,False,[Linked libraries];libubifocus.so;libdl.so;libcutils.so;liblog.so;libc++.so;libc.so;libm.so;7 libraries
libmmjpeg.so,202,arch     arm,bits     16,endian   little,machine  ARM,os       android,False,False,False,[Linked libraries];libcutils.so;libfastcvopt.so;liblog.so;libutils.so;libc++.so;libdl.so;libc.so;libm.so;8 libraries
libmmosal.so,111,arch     arm,bits     16,endian   little,machine  ARM,os       android,False,False,False,[Linked libraries];libutils.so;libcutils.so;liblog.so;libc++.so;libc.so;libm.so;libdl.so;7 libraries
libmmqjpeg_codec.so,421,arch     arm,bits     16,endian   little,machine  ARM,os       android,False,False,False,[Linked libraries];libdl.so;libcutils.so;liblog.so;libmmjpeg.so;libmmqjpegdma.so;libfastcvopt.so;libcrypto.so;libc++.so;libc.so;libm.so;10 libraries
libmmqjpegdma.so,218,arch     arm,bits     16,endian   little,machine  ARM,os       android,False,False,False,[Linked libraries];libdl.so;libcutils.so;liblog.so;libc++.so;libc.so;libm.so;6 libraries
libmulawdec.so,8,arch     arm,bits     16,endian   little,machine  ARM,os       android,False,False,False,[Linked libraries];libc++.so;libc.so;libm.so;libdl.so;4 libraries
libnetmgr.so,97,arch     arm,bits     64,endian   little,machine  ARM aarch64,os       android,False,False,False,[Linked libraries];libdsutils.so;libconfigdb.so;libdiag.so;libcutils.so;liblog.so;libhardware_legacy.so;libc++.so;libc.so;libm.so;libdl.so;10 libraries
libnetmgr_common.so,58,arch     arm,bits     64,endian   little,machine  ARM aarch64,os       android,False,False,False,[Linked libraries];libdsutils.so;libconfigdb.so;libdiag.so;libcutils.so;liblog.so;libnetmgr.so;libqmi_cci.so;libqmiservices.so;libc++.so;libc.so;libm.so;libdl.so;12 libraries
libnetmgr_nr_fusion.so,6,arch     arm,bits     64,endian   little,machine  ARM aarch64,os       android,False,False,False,[Linked libraries];libdsutils.so;libconfigdb.so;libdiag.so;libcutils.so;liblog.so;libnetmgr.so;libnetmgr_common.so;libqmiservices.so;libc++.so;libc.so;libm.so;libdl.so;12 libraries
libnetmgr_rmnet_ext.so,5,arch     arm,bits     64,endian   little,machine  ARM aarch64,os       android,False,False,False,[Linked libraries];libdsutils.so;libconfigdb.so;libdiag.so;libcutils.so;liblog.so;libnetmgr.so;libnetmgr_common.so;librmnetctl.so;libc++.so;libc.so;libm.so;libdl.so;12 libraries
libnlnetmgr.so,60,arch     arm,bits     64,endian   little,machine  ARM aarch64,os       android,False,False,False,[Linked libraries];libdsutils.so;libconfigdb.so;libdiag.so;libcutils.so;liblog.so;libnetmgr.so;libnetmgr_common.so;libc++.so;libc.so;libm.so;libdl.so;11 libraries
liboemcrypto.so,124,arch     arm,bits     64,endian   little,machine  ARM aarch64,os       android,False,False,False,[Linked libraries];libion.so;libutils.so;libcutils.so;liblog.so;libQSEEComAPI.so;libhdcpsrm.so;libcpion.so;libhidlbase.so;vendor.display.config@1.0.so;libc++.so;libc.so;libm.so;libdl.so;13 libraries
libois_lc898122.so,8,arch     arm,bits     16,endian   little,machine  ARM,os       android,False,False,False,[Linked libraries];libcutils.so;libc++.so;libdl.so;libc.so;libm.so;5 libraries
liboptizoom.so,14,arch     arm,bits     16,endian   little,machine  ARM,os       android,False,False,False,[Linked libraries];libz.so;libdl.so;liblog.so;libm.so;libstdc++.so;libc.so;6 libraries
libpal_net_if.so,15,arch     arm,bits     64,endian   little,machine  ARM aarch64,os       android,False,False,False,[Linked libraries];libutils.so;libcutils.so;libgps.utils.so;liblog.so;libandroid_net.so;libcrypto.so;libssl.so;libc++.so;libc.so;libm.so;libdl.so;11 libraries
libpdmapper.so,12,arch     arm,bits     64,endian   little,machine  ARM aarch64,os       android,False,False,False,[Linked libraries];libcutils.so;libutils.so;liblog.so;libjson.so;libqmi_cci.so;libqmi_common_so.so;libqmi_encdec.so;libc++.so;libc.so;libm.so;libdl.so;11 libraries
libperfconfig.so,37,arch     arm,bits     64,endian   little,machine  ARM aarch64,os       android,False,False,False,[Linked libraries];libutils.so;liblog.so;libcutils.so;libxml2.so;libqti-util.so;libc++.so;libc.so;libm.so;libdl.so;9 libraries
libperfgluelayer.so,31,arch     arm,bits     64,endian   little,machine  ARM aarch64,os       android,False,False,False,[Linked libraries];libutils.so;liblog.so;libcutils.so;libperfconfig.so;libc++.so;libc.so;libm.so;libdl.so;8 libraries
libperfioctl.so,4,arch     arm,bits     64,endian   little,machine  ARM aarch64,os       android,False,False,False,[Linked libraries];libutils.so;liblog.so;libcutils.so;libc++.so;libc.so;libm.so;libdl.so;7 libraries
libperipheral_client.so,86,arch     arm,bits     64,endian   little,machine  ARM aarch64,os       android,False,False,False,[Linked libraries];libcutils.so;libutils.so;liblog.so;libbinder.so;libmdmdetect.so;libc++.so;libc.so;libm.so;libdl.so;9 libraries
libq3dtools_adreno.so,421,arch     arm,bits     16,endian   little,machine  ARM,os       android,False,False,False,[Linked libraries];libcutils.so;liblog.so;libgsl.so;libc++.so;libc.so;libm.so;libdl.so;7 libraries
libq3dtools_esx.so,182,arch     arm,bits     16,endian   little,machine  ARM,os       android,False,False,False,[Linked libraries];libcutils.so;liblog.so;libz.so;libdl.so;libc++.so;libc.so;libm.so;7 libraries
libqcc_file_agent.so,8,arch     arm,bits     64,endian   little,machine  ARM aarch64,os       android,False,False,False,[Linked libraries];libcutils.so;liblog.so;libutils.so;libbase.so;libfmq.so;libhidlbase.so;vendor.qti.hardware.qccsyshal@1.0.so;libc++.so;libc.so;libm.so;libdl.so;11 libraries
libqcmaputils.so,17,arch     arm,bits     64,endian   little,machine  ARM aarch64,os       android,False,False,False,[Linked libraries];libdiag.so;libdsutils.so;libc++.so;libc.so;libm.so;libdl.so;6 libraries
libqcompostprocbundle.so,12,arch     arm,bits     16,endian   little,machine  ARM,os       android,False,False,False,[Linked libraries];libcutils.so;liblog.so;libtinyalsa.so;libdl.so;libc++.so;libc.so;libm.so;7 libraries
libqcomvisualizer.so,9,arch     arm,bits     16,endian   little,machine  ARM,os       android,False,False,False,[Linked libraries];libcutils.so;liblog.so;libdl.so;libtinyalsa.so;libc++.so;libc.so;libm.so;7 libraries
libqcomvoiceprocessing.so,7,arch     arm,bits     32,endian   little,machine  ARM,os       android,False,False,False,[Linked libraries];libcutils.so;libdl.so;libc++.so;libc.so;libm.so;5 libraries
libqcrilFramework.so,288,arch     arm,bits     64,endian   little,machine  ARM aarch64,os       android,False,False,False,[Linked libraries];libdiag.so;liblog.so;qtimutex.so;libril-qc-logger.so;libc++.so;libc.so;libm.so;libdl.so;8 libraries
libqcrildatactl.so,64,arch     arm,bits     64,endian   little,machine  ARM aarch64,os       android,False,False,False,[Linked libraries];libqmi_cci.so;libqmiservices.so;libc++.so;libc.so;libm.so;libdl.so;6 libraries
libqdi.so,77,arch     arm,bits     64,endian   little,machine  ARM aarch64,os       android,False,False,False,[Linked libraries];libdiag.so;libdsutils.so;libqmiservices.so;libqmi_cci.so;libqmi_common_so.so;libqmi_client_qmux.so;libqmi_client_helper.so;libqmi.so;liblog.so;libc++.so;libc.so;libm.so;libdl.so;13 libraries
libqdp.so,65,arch     arm,bits     64,endian   little,machine  ARM aarch64,os       android,False,False,False,[Linked libraries];libdiag.so;libdsutils.so;libcutils.so;libqmiservices.so;libqmi_cci.so;libqmi_common_so.so;libqmi_client_helper.so;libc++.so;libc.so;libm.so;libdl.so;11 libraries
libqisl.so,31,arch     arm,bits     64,endian   little,machine  ARM aarch64,os       android,False,False,False,[Linked libraries];libcutils.so;liblog.so;libQSEEComAPI.so;libc++.so;libc.so;libm.so;libdl.so;7 libraries
libqmi.so,256,arch     arm,bits     64,endian   little,machine  ARM aarch64,os       android,False,False,False,[Linked libraries];libcutils.so;libqmi_client_qmux.so;libdiag.so;libdsutils.so;libqmiservices.so;libidl.so;liblog.so;libc++.so;libc.so;libm.so;libdl.so;11 libraries
libqmi_cci.so,45,arch     arm,bits     16,endian   little,machine  ARM,os       android,False,False,False,[Linked libraries];libcutils.so;libutils.so;libqmi_encdec.so;liblog.so;libc++.so;libc.so;libm.so;libdl.so;8 libraries
libqmi_client_helper.so,7,arch     arm,bits     64,endian   little,machine  ARM aarch64,os       android,False,False,False,[Linked libraries];libcutils.so;libdiag.so;libdsutils.so;libqmiservices.so;libqmi_client_qmux.so;libqmi_cci.so;libidl.so;liblog.so;libc++.so;libc.so;libm.so;libdl.so;12 libraries
libqmi_client_qmux.so,43,arch     arm,bits     64,endian   little,machine  ARM aarch64,os       android,False,False,False,[Linked libraries];libdiag.so;libdsutils.so;libqmiservices.so;libidl.so;liblog.so;libcutils.so;libc++.so;libc.so;libm.so;libdl.so;10 libraries
libqmi_common_so.so,4,arch     arm,bits     16,endian   little,machine  ARM,os       android,False,False,False,[Linked libraries];libcutils.so;libutils.so;libc++.so;libc.so;libm.so;libdl.so;6 libraries
libqmi_csi.so,31,arch     arm,bits     64,endian   little,machine  ARM aarch64,os       android,False,False,False,[Linked libraries];libcutils.so;libutils.so;libqmi_encdec.so;liblog.so;libc++.so;libc.so;libm.so;libdl.so;8 libraries
libqmi_encdec.so,20,arch     arm,bits     16,endian   little,machine  ARM,os       android,False,False,False,[Linked libraries];libcutils.so;libutils.so;libc++.so;libc.so;libm.so;libdl.so;6 libraries
libqmiservices.so,85,arch     arm,bits     64,endian   little,machine  ARM aarch64,os       android,False,False,False,[Linked libraries];libidl.so;libc++.so;libc.so;libm.so;libdl.so;5 libraries
libqomx_jpegdec.so,125,arch     arm,bits     16,endian   little,machine  ARM,os       android,False,False,False,[Linked libraries];libcutils.so;libdl.so;libmmqjpeg_codec.so;libmmjpeg.so;libc++.so;libc.so;libm.so;7 libraries
libqomx_jpegenc.so,162,arch     arm,bits     16,endian   little,machine  ARM,os       android,False,False,False,[Linked libraries];libcutils.so;libdl.so;libmmjpeg.so;libmmqjpeg_codec.so;libc++.so;libc.so;libm.so;7 libraries
libqomx_jpegenc_pipe.so,170,arch     arm,bits     16,endian   little,machine  ARM,os       android,False,False,False,[Linked libraries];libcutils.so;libdl.so;libmmqjpeg_codec.so;libmmjpeg.so;libmmqjpegdma.so;libc++.so;libc.so;libm.so;8 libraries
libqrtr.so,16,arch     arm,bits     64,endian   little,machine  ARM aarch64,os       android,False,False,False,[Linked libraries];libc++.so;libc.so;libm.so;libdl.so;4 libraries
libqsocket.so,4,arch     arm,bits     64,endian   little,machine  ARM aarch64,os       android,False,False,False,[Linked libraries];libc++.so;libc.so;libm.so;libdl.so;4 libraries
libqti-perfd-client.so,38,arch     arm,bits     16,endian   little,machine  ARM,os       android,False,False,False,[Linked libraries];libcutils.so;libutils.so;liblog.so;vendor.qti.hardware.perf@2.2.so;libhidlbase.so;libc++.so;libc.so;libm.so;libdl.so;9 libraries
libqti-perfd.so,329,arch     arm,bits     64,endian   little,machine  ARM aarch64,os       android,False,False,False,[Linked libraries];libcutils.so;liblog.so;libutils.so;libxml2.so;libqti-util.so;libhidlbase.so;vendor.qti.hardware.perf@2.0.so;libbase.so;libthermalclient.so;libqti-perfd-client.so;libperfconfig.so;libperfgluelayer.so;libdisplayconfig.qti.so;libperfioctl.so;vendor.qti.memory.pasrmanager@1.1.so;libc++.so;libc.so;libm.so;libdl.so;19 libraries
libqti-util.so,30,arch     arm,bits     64,endian   little,machine  ARM aarch64,os       android,False,False,False,[Linked libraries];libcutils.so;libutils.so;libxml2.so;liblog.so;libc++.so;libc.so;libm.so;libdl.so;8 libraries
libqtigef.so,20,arch     arm,bits     16,endian   little,machine  ARM,os       android,False,False,False,[Linked libraries];liblog.so;libcutils.so;libc++.so;libc.so;libm.so;libdl.so;6 libraries
librcc.so,84,arch     arm,bits     64,endian   little,machine  ARM aarch64,os       android,False,False,False,[Linked libraries];libutils.so;libcutils.so;liblog.so;libdiag.so;libc++.so;libc.so;libm.so;libdl.so;8 libraries
libremosaic_daemon.so,12,arch     arm,bits     16,endian   little,machine  ARM,os       android,False,False,False,[Linked libraries];libdl.so;libcutils.so;liblog.so;libc++.so;libc.so;libm.so;6 libraries
libreverbwrapper.so,7,arch     arm,bits     16,endian   little,machine  ARM,os       android,False,False,False,[Linked libraries];libcutils.so;libdl.so;libc++.so;libc.so;libm.so;5 libraries
libril-qc-hal-qmi.so,7841,arch     arm,bits     64,endian   little,machine  ARM aarch64,os       android,False,False,False,[Linked libraries];libhidlbase.so;vendor.qti.hardware.radio.ims@1.0.so;vendor.qti.hardware.radio.ims@1.1.so;vendor.qti.hardware.radio.ims@1.2.so;vendor.qti.hardware.radio.ims@1.3.so;vendor.qti.hardware.radio.ims@1.4.so;vendor.qti.hardware.radio.ims@1.5.so;vendor.qti.hardware.radio.ims@1.6.so;vendor.qti.hardware.radio.ims@1.7.so;vendor.qti.hardware.radio.am@1.0.so;vendor.qti.hardware.radio.qcrilhook@1.0.so;vendor.qti.hardware.radio.uim@1.0.so;vendor.qti.hardware.radio.uim@1.1.so;vendor.qti.hardware.radio.uim@1.2.so;vendor.qti.hardware.radio.uim_remote_server@1.0.so;vendor.qti.hardware.radio.uim_remote_client@1.0.so;vendor.qti.hardware.radio.uim_remote_client@1.1.so;vendor.qti.hardware.radio.uim_remote_client@1.2.so;vendor.qti.hardware.radio.lpa@1.0.so;vendor.qti.hardware.radio.lpa@1.1.so;vendor.qti.hardware.radio.lpa@1.2.so;vendor.qti.hardware.radio.qtiradio@1.0.so;vendor.qti.hardware.radio.qtiradio@2.0.so;vendor.qti.hardware.radio.qtiradio@2.1.so;vendor.qti.hardware.radio.qtiradio@2.2.so;vendor.qti.hardware.radio.qtiradio@2.3.so;vendor.qti.hardware.radio.qtiradio@2.4.so;android.hardware.radio@1.0.so;android.hardware.radio.config@1.0.so;android.hardware.radio.config@1.1.so;android.hardware.radio.config@1.2.so;libqcrilFramework.so;android.hardware.secure_element@1.0.so;android.hardware.secure_element@1.1.so;android.hardware.secure_element@1.2.so;vendor.qti.hardware.radio.internal.deviceinfo@1.0.so;libdsutils.so;libcutils.so;liblog.so;libutils.so;qcrild_librilutils.so;libqmi_cci.so;libqmi_client_qmux.so;libdiag.so;libhardware_legacy.so;libqmiservices.so;librilqmiservices.so;libqmi_client_helper.so;libidl.so;libtime_genoff.so;libsqlite.so;libbinder.so;libmdmdetect.so;libperipheral_client.so;libril-qc-logger.so;android.hardware.radio@1.1.so;android.hardware.radio@1.2.so;android.hardware.radio@1.3.so;android.hardware.radio@1.4.so;android.hardware.radio@1.5.so;android.hardware.radio.deprecated@1.0.so;qtimutex.so;libprotobuf-cpp-full-3.9.1.so;libvndksupport.so;libbase.so;libz.so;libqdi.so;libnetmgr.so;libconfigdb.so;libxml.so;qtibus.so;libsystem_health_mon.so;libxml2.so;libdsi_netctrl.so;libqdp.so;liblqe.so;vendor.qti.hardware.data.iwlan@1.0.so;vendor.qti.hardware.data.connection@1.0.so;vendor.qti.hardware.data.connection@1.1.so;libc++.so;libc.so;libm.so;libdl.so;83 libraries
libril-qc-logger.so,77,arch     arm,bits     64,endian   little,machine  ARM aarch64,os       android,False,False,False,[Linked libraries];liblog.so;libcutils.so;libc++.so;libdiag.so;libc.so;libm.so;libdl.so;7 libraries
librilqmiservices.so,9,arch     arm,bits     64,endian   little,machine  ARM aarch64,os       android,False,False,False,[Linked libraries];libqmi_common_so.so;libc++.so;libc.so;libm.so;libdl.so;5 libraries
librpmb.so,70,arch     arm,bits     64,endian   little,machine  ARM aarch64,os       android,False,False,False,[Linked libraries];libutils.so;libQSEEComAPI.so;liblog.so;libc++.so;libc.so;libm.so;libdl.so;7 libraries
libscalar.so,30,arch     arm,bits     64,endian   little,machine  ARM aarch64,os       android,False,False,False,[Linked libraries];libsdmutils.so;libc++.so;libc.so;libm.so;libdl.so;5 libraries
libscveObjectSegmentation_skel.so,39,arch     hexagon,bits     32,endian   little,machine  QUALCOMM DSP6 Processor,os       linux,False,False,False,[Linked libraries];libc.so;libdspCV_skel.so;libapps_mem_heap.so;libgcc.so;4 libraries
libscveT2T_skel.so,248,arch     hexagon,bits     32,endian   little,machine  QUALCOMM DSP6 Processor,os       linux,False,False,False,[Linked libraries];libc.so;libdspCV_skel.so;libapps_mem_heap.so;libgcc.so;4 libraries
libsdedrm.so,104,arch     arm,bits     64,endian   little,machine  ARM aarch64,os       android,False,False,False,[Linked libraries];libdrm.so;libdrmutils.so;libc++.so;libc.so;libm.so;libdl.so;6 libraries
libsdm-color.so,398,arch     arm,bits     64,endian   little,machine  ARM aarch64,os       android,False,False,False,[Linked libraries];liblog.so;libcutils.so;libbinder.so;libutils.so;libsdmutils.so;libtinyxml2_1.so;libc++.so;libc.so;libm.so;libdl.so;10 libraries
libsdm-diag.so,91,arch     arm,bits     64,endian   little,machine  ARM aarch64,os       android,False,False,False,[Linked libraries];libdiag.so;libsdmutils.so;libbinder.so;libc++.so;libc.so;libm.so;libdl.so;7 libraries
libsdm-disp-vndapis.so,97,arch     arm,bits     64,endian   little,machine  ARM aarch64,os       android,False,False,False,[Linked libraries];libsdmutils.so;libqservice.so;libbinder.so;libcutils.so;libutils.so;liblog.so;libc++.so;libc.so;libm.so;libdl.so;10 libraries
libsdmextension.so,522,arch     arm,bits     64,endian   little,machine  ARM aarch64,os       android,False,False,False,[Linked libraries];libsdmutils.so;libc++.so;libc.so;libm.so;libdl.so;5 libraries
libsecureui.so,53,arch     arm,bits     64,endian   little,machine  ARM aarch64,os       android,False,False,False,[Linked libraries];libutils.so;liblog.so;libQSEEComAPI.so;libStDrvInt.so;libhidlbase.so;libbinder.so;libdisplayconfig.qti.so;libion.so;libsecureui_svcsock.so;vendor.display.config@1.0.so;libc++.so;libc.so;libm.so;libdl.so;14 libraries
libsecureui_svcsock.so,67,arch     arm,bits     64,endian   little,machine  ARM aarch64,os       android,False,False,False,[Linked libraries];libutils.so;libcutils.so;liblog.so;libhidlbase.so;vendor.qti.hardware.tui_comm@1.0.so;libc++.so;libc.so;libm.so;libdl.so;9 libraries
libseemore.so,35,arch     arm,bits     16,endian   little,machine  ARM,os       android,False,False,False,[Linked libraries];libz.so;libdl.so;liblog.so;libm.so;libstdc++.so;libc.so;6 libraries
libsensor1.so,176,arch     arm,bits     16,endian   little,machine  ARM,os       android,False,False,False,[Linked libraries];liblog.so;libqmi_common_so.so;libqmi_cci.so;libqmi_encdec.so;libutils.so;libcutils.so;libdiag.so;libc++.so;libc.so;libm.so;libdl.so;11 libraries
libsensor_reg.so,13,arch     arm,bits     64,endian   little,machine  ARM aarch64,os       android,False,False,False,[Linked libraries];libutils.so;libcutils.so;liblog.so;libsensor1.so;libc++.so;libc.so;libm.so;libdl.so;8 libraries
libsmwrapper.so,7,arch     arm,bits     16,endian   little,machine  ARM,os       android,False,False,False,[Linked libraries];liblog.so;libcutils.so;libc++.so;libc.so;libm.so;libdl.so;6 libraries
libsoc_helper.so,4,arch     arm,bits     64,endian   little,machine  ARM aarch64,os       android,False,False,False,[Linked libraries];libcutils.so;libc++.so;libc.so;libm.so;libdl.so;5 libraries
libssd.so,6,arch     arm,bits     64,endian   little,machine  ARM aarch64,os       android,False,False,False,[Linked libraries];libutils.so;libcutils.so;libdiag.so;liblog.so;libQSEEComAPI.so;libc++.so;libc.so;libm.so;libdl.so;9 libraries
libsurround_3mic_proc.so,352,arch     arm,bits     16,endian   little,machine  ARM,os       android,False,False,False,[Linked libraries];libc++.so;libc.so;libm.so;libdl.so;4 libraries
libswvdec.so,196,arch     arm,bits     16,endian   little,machine  ARM,os       android,False,False,False,[Linked libraries];libcutils.so;liblog.so;libc++.so;libc.so;libm.so;libdl.so;6 libraries
libsynergy_loc_api.so,128,arch     arm,bits     64,endian   little,machine  ARM aarch64,os       android,False,False,False,[Linked libraries];libutils.so;libcutils.so;libqmi_cci.so;libqmi_common_so.so;libloc_core.so;libgps.utils.so;liblog.so;libc++.so;libc.so;libm.so;libdl.so;11 libraries
libsys_info_cache.so,17,arch     arm,bits     64,endian   little,machine  ARM aarch64,os       android,False,False,False,[Linked libraries];libutils.so;libcutils.so;libgps.utils.so;libloc_core.so;liblog.so;libc++.so;libc.so;libm.so;libdl.so;9 libraries
libsysmon_cdsp_skel.so,7,arch     arm,bits     16,endian   little,machine  ARM,os       android,False,False,False,[Linked libraries];liblog.so;libc++.so;libc.so;libm.so;libdl.so;5 libraries
libsystem_health_mon.so,4,arch     arm,bits     64,endian   little,machine  ARM aarch64,os       android,False,False,False,[Linked libraries];libcutils.so;libutils.so;liblog.so;libc++.so;libc.so;libm.so;libdl.so;7 libraries
libthermalclient.so,18,arch     arm,bits     16,endian   little,machine  ARM,os       android,False,False,False,[Linked libraries];libcutils.so;liblog.so;libc++.so;libc.so;libm.so;libdl.so;6 libraries
libtime_genoff.so,6,arch     arm,bits     64,endian   little,machine  ARM aarch64,os       android,False,False,False,[Linked libraries];libc.so;libcutils.so;liblog.so;libc++.so;libm.so;libdl.so;6 libraries
libtinyxml2_1.so,201,arch     arm,bits     64,endian   little,machine  ARM aarch64,os       android,False,False,False,[Linked libraries];libc++.so;libc.so;libm.so;libdl.so;4 libraries
libtrueportrait.so,32,arch     arm,bits     16,endian   little,machine  ARM,os       android,False,False,False,[Linked libraries];libz.so;libdl.so;liblog.so;libm.so;libstdc++.so;libc.so;6 libraries
libts_detected_face_hal.so,229,arch     arm,bits     16,endian   little,machine  ARM,os       android,False,False,False,[Linked libraries];liblog.so;libstdc++.so;libm.so;libc.so;libdl.so;5 libraries
libts_face_beautify_hal.so,293,arch     arm,bits     16,endian   little,machine  ARM,os       android,False,False,False,[Linked libraries];liblog.so;libGLESv2.so;libEGL.so;libstdc++.so;libm.so;libc.so;libdl.so;7 libraries
libubifocus.so,14,arch     arm,bits     16,endian   little,machine  ARM,os       android,False,False,False,[Linked libraries];liblog.so;libdl.so;libz.so;libc.so;libm.so;libstdc++.so;6 libraries
libvendor.goodix.hardware.fingerprint@1.0-service.so,401,arch     arm,bits     64,endian   little,machine  ARM aarch64,os       android,False,False,False,[Linked libraries];libutils.so;libcutils.so;liblzma.so;libc.so;libc++.so;libbase.so;libdl.so;libhardware.so;libcrypto.so;liblog.so;libhidlbase.so;libhidltransport.so;libhwbinder.so;android.hardware.keymaster@3.0.so;libvendor.goodix.hardware.fingerprint@1.0.so;libgf_hal.so;libgf_ca.so;libQSEEComAPI.so;libm.so;19 libraries
libvendor.goodix.hardware.fingerprint@1.0.so,499,arch     arm,bits     64,endian   little,machine  ARM aarch64,os       android,False,False,False,[Linked libraries];libhidlbase.so;libhidltransport.so;libhwbinder.so;liblog.so;libutils.so;libcutils.so;libc++.so;libdl.so;libc.so;libm.so;10 libraries
libvisualizer.so,7,arch     arm,bits     16,endian   little,machine  ARM,os       android,False,False,False,[Linked libraries];libcutils.so;liblog.so;libdl.so;libc++.so;libc.so;libm.so;6 libraries
libvolumelistener.so,21,arch     arm,bits     16,endian   little,machine  ARM,os       android,False,False,False,[Linked libraries];libcutils.so;liblog.so;libaudioutils.so;libc++.so;libc.so;libm.so;libdl.so;7 libraries
libvpplibrary.so,141,arch     arm,bits     16,endian   little,machine  ARM,os       android,False,False,False,[Linked libraries];libcutils.so;libutils.so;liblog.so;libqdMetaData.so;libion.so;libc++.so;libc.so;libm.so;libdl.so;9 libraries
libwfdcommonutils_proprietary.so,108,arch     arm,bits     16,endian   little,machine  ARM,os       android,False,False,False,[Linked libraries];libmmosal.so;liblog.so;libutils.so;libcutils.so;libion.so;libwfddisplayconfig_proprietary.so;libc++.so;libc.so;libm.so;libdl.so;10 libraries
libwfdmmservice.so,157,arch     arm,bits     16,endian   little,machine  ARM,os       android,False,False,False,[Linked libraries];libmmosal.so;liblog.so;libutils.so;libcutils.so;libbinder.so;libc++.so;libc.so;libm.so;libdl.so;9 libraries
libwms.so,148,arch     arm,bits     64,endian   little,machine  ARM aarch64,os       android,False,False,False,[Linked libraries];libcne.so;libqmiservices.so;libqmi_cci.so;liblog.so;libcneoplookup.so;libandroid_net.so;libutils.so;vendor.qti.hardware.data.cne.internal.api@1.0.so;vendor.qti.hardware.data.cne.internal.server@1.0.so;vendor.qti.hardware.data.latency@1.0.so;vendor.qti.latency@2.0.so;vendor.qti.hardware.mwqemadapter@1.0.so;libc++.so;libc.so;libm.so;libdl.so;16 libraries
libwqe.so,1264,arch     arm,bits     64,endian   little,machine  ARM aarch64,os       android,False,False,False,[Linked libraries];libbinder.so;libcutils.so;libnetutils.so;libutils.so;liblog.so;libsqlite.so;libcneapiclient.so;libcne.so;libnl.so;libxml.so;libxml2.so;libandroid_net.so;libqti_vndfwk_detect.so;vendor.qti.hardware.data.cne.internal.server@1.0.so;vendor.qti.hardware.data.cne.internal.api@1.0.so;vendor.qti.hardware.mwqemadapter@1.0.so;libwpa_client.so;libc++.so;libc.so;libm.so;libdl.so;21 libraries
libwvdrmengine.so,2770,arch     arm,bits     64,endian   little,machine  ARM aarch64,os       android,False,False,False,[Linked libraries];libbase.so;libcrypto.so;liblog.so;libprotobuf-cpp-lite-3.9.1.so;libstagefright_foundation.so;libutils.so;libc++.so;libc.so;libm.so;libdl.so;10 libraries
libwvhidl.so,2866,arch     arm,bits     64,endian   little,machine  ARM aarch64,os       android,False,False,False,[Linked libraries];android.hardware.drm@1.0.so;android.hardware.drm@1.1.so;android.hardware.drm@1.2.so;android.hardware.drm@1.3.so;android.hidl.memory@1.0.so;libbase.so;libcrypto.so;libhidlbase.so;libhidlmemory.so;liblog.so;libprotobuf-cpp-lite-3.9.1.so;libutils.so;libc++.so;libc.so;libm.so;libdl.so;16 libraries
libxml.so,34,arch     arm,bits     64,endian   little,machine  ARM aarch64,os       android,False,False,False,[Linked libraries];liblog.so;libdiag.so;libcutils.so;libc++.so;libc.so;libm.so;libdl.so;7 libraries
libxtadapter.so,11,arch     arm,bits     64,endian   little,machine  ARM aarch64,os       android,False,False,False,[Linked libraries];libgps.utils.so;liblog.so;libloc_core.so;libizat_core.so;libc++.so;libc.so;libm.so;libdl.so;8 libraries
libxtwifi_server_protocol.so,1406,arch     arm,bits     64,endian   little,machine  ARM aarch64,os       android,False,False,False,[Linked libraries];libcutils.so;libasn1cper.so;libasn1crt.so;libasn1crtx.so;libloc_core.so;libgps.utils.so;liblog.so;libc++.so;libc.so;libm.so;libdl.so;11 libraries
libxtwifi_server_protocol_uri_v3.so,1972,arch     arm,bits     64,endian   little,machine  ARM aarch64,os       android,False,False,False,[Linked libraries];libcutils.so;liblog.so;libgps.utils.so;libizat_core.so;libasn1cper.so;libasn1crt.so;libasn1crtx.so;libc++.so;libc.so;libm.so;libdl.so;11 libraries
qcrild_librilutils.so,7,arch     arm,bits     64,endian   little,machine  ARM aarch64,os       android,False,False,False,[Linked libraries];libc++.so;libc.so;libm.so;libdl.so;4 libraries
qtibus.so,57,arch     arm,bits     64,endian   little,machine  ARM aarch64,os       android,False,False,False,[Linked libraries];qtimutex.so;libqcrilFramework.so;libril-qc-logger.so;liblog.so;libc++.so;libc.so;libm.so;libdl.so;8 libraries
qtimutex.so,51,arch     arm,bits     64,endian   little,machine  ARM aarch64,os       android,False,False,False,[Linked libraries];libcutils.so;libc++.so;libc.so;libm.so;libdl.so;5 libraries
sensors.ssc.so,695,arch     arm,bits     64,endian   little,machine  ARM aarch64,os       android,False,False,False,[Linked libraries];libutils.so;libcutils.so;liblog.so;libhardware.so;libsensor1.so;libsensor_reg.so;libdiag.so;libpower.so;libc++.so;libc.so;libm.so;libdl.so;12 libraries
sound_trigger.primary.msm8937.so,134,arch     arm,bits     16,endian   little,machine  ARM,os       android,False,False,False,[Linked libraries];liblog.so;libcutils.so;libtinyalsa.so;libaudioroute.so;libexpat.so;libhardware_legacy.so;libc++.so;libc.so;libm.so;libdl.so;10 libraries
vendor.display.color@1.0.so,152,arch     arm,bits     64,endian   little,machine  ARM aarch64,os       android,False,False,False,[Linked libraries];libhidlbase.so;liblog.so;libutils.so;libcutils.so;libc++.so;libc.so;libm.so;libdl.so;8 libraries
vendor.display.postproc@1.0.so,68,arch     arm,bits     64,endian   little,machine  ARM aarch64,os       android,False,False,False,[Linked libraries];libhidlbase.so;liblog.so;libutils.so;libcutils.so;libc++.so;libc.so;libm.so;libdl.so;8 libraries
vendor.qti.data.factory@2.0.so,83,arch     arm,bits     64,endian   little,machine  ARM aarch64,os       android,False,False,False,[Linked libraries];vendor.qti.hardware.data.cne.internal.api@1.0.so;vendor.qti.hardware.data.cne.internal.constants@1.0.so;vendor.qti.hardware.data.cne.internal.server@1.0.so;vendor.qti.hardware.data.dynamicdds@1.0.so;vendor.qti.hardware.data.qmi@1.0.so;vendor.qti.ims.rcsconfig@1.0.so;vendor.qti.latency@2.0.so;libhidlbase.so;liblog.so;libutils.so;libcutils.so;libc++.so;libc.so;libm.so;libdl.so;15 libraries
vendor.qti.data.factory@2.1.so,80,arch     arm,bits     64,endian   little,machine  ARM aarch64,os       android,False,False,False,[Linked libraries];vendor.qti.data.factory@2.0.so;vendor.qti.data.slm@1.0.so;vendor.qti.hardware.data.cne.internal.api@1.0.so;vendor.qti.hardware.data.cne.internal.constants@1.0.so;vendor.qti.hardware.data.cne.internal.server@1.0.so;vendor.qti.hardware.data.dynamicdds@1.0.so;vendor.qti.hardware.data.qmi@1.0.so;vendor.qti.ims.rcsconfig@1.0.so;vendor.qti.ims.rcsconfig@1.1.so;vendor.qti.latency@2.0.so;libhidlbase.so;liblog.so;libutils.so;libcutils.so;libc++.so;libc.so;libm.so;libdl.so;18 libraries
vendor.qti.data.factory@2.2.so,82,arch     arm,bits     64,endian   little,machine  ARM aarch64,os       android,False,False,False,[Linked libraries];vendor.qti.data.factory@2.0.so;vendor.qti.data.factory@2.1.so;vendor.qti.data.mwqem@1.0.so;vendor.qti.data.slm@1.0.so;vendor.qti.hardware.data.cne.internal.api@1.0.so;vendor.qti.hardware.data.cne.internal.constants@1.0.so;vendor.qti.hardware.data.cne.internal.server@1.0.so;vendor.qti.hardware.data.dynamicdds@1.0.so;vendor.qti.hardware.data.qmi@1.0.so;vendor.qti.ims.rcsconfig@1.0.so;vendor.qti.ims.rcsconfig@1.1.so;vendor.qti.latency@2.0.so;libhidlbase.so;liblog.so;libutils.so;libcutils.so;libc++.so;libc.so;libm.so;libdl.so;20 libraries
vendor.qti.data.factory@2.3.so,86,arch     arm,bits     64,endian   little,machine  ARM aarch64,os       android,False,False,False,[Linked libraries];vendor.qti.data.factory@2.0.so;vendor.qti.data.factory@2.1.so;vendor.qti.data.factory@2.2.so;vendor.qti.data.mwqem@1.0.so;vendor.qti.data.slm@1.0.so;vendor.qti.hardware.data.cne.internal.api@1.0.so;vendor.qti.hardware.data.cne.internal.constants@1.0.so;vendor.qti.hardware.data.cne.internal.server@1.0.so;vendor.qti.hardware.data.dynamicdds@1.0.so;vendor.qti.hardware.data.lce@1.0.so;vendor.qti.hardware.data.qmi@1.0.so;vendor.qti.ims.rcsconfig@1.0.so;vendor.qti.ims.rcsconfig@1.1.so;vendor.qti.latency@2.0.so;libhidlbase.so;liblog.so;libutils.so;libcutils.so;libc++.so;libc.so;libm.so;libdl.so;22 libraries
vendor.qti.data.mwqem@1.0.so,136,arch     arm,bits     64,endian   little,machine  ARM aarch64,os       android,False,False,False,[Linked libraries];libhidlbase.so;liblog.so;libutils.so;libcutils.so;libc++.so;libc.so;libm.so;libdl.so;8 libraries
vendor.qti.data.slm@1.0.so,136,arch     arm,bits     64,endian   little,machine  ARM aarch64,os       android,False,False,False,[Linked libraries];libhidlbase.so;liblog.so;libutils.so;libcutils.so;libc++.so;libc.so;libm.so;libdl.so;8 libraries
vendor.qti.gnss@1.0.so,1534,arch     arm,bits     64,endian   little,machine  ARM aarch64,os       android,False,False,False,[Linked libraries];android.hardware.gnss@1.0.so;libhidlbase.so;liblog.so;libutils.so;libcutils.so;libc++.so;libc.so;libm.so;libdl.so;9 libraries
vendor.qti.gnss@1.1.so,1420,arch     arm,bits     64,endian   little,machine  ARM aarch64,os       android,False,False,False,[Linked libraries];android.hardware.gnss@1.0.so;vendor.qti.gnss@1.0.so;libhidlbase.so;liblog.so;libutils.so;libcutils.so;libc++.so;libc.so;libm.so;libdl.so;10 libraries
vendor.qti.gnss@1.2.so,270,arch     arm,bits     64,endian   little,machine  ARM aarch64,os       android,False,False,False,[Linked libraries];android.hardware.gnss@1.0.so;vendor.qti.gnss@1.0.so;vendor.qti.gnss@1.1.so;libhidlbase.so;liblog.so;libutils.so;libcutils.so;libc++.so;libc.so;libm.so;libdl.so;11 libraries
vendor.qti.gnss@2.0.so,120,arch     arm,bits     64,endian   little,machine  ARM aarch64,os       android,False,False,False,[Linked libraries];android.hardware.gnss@1.0.so;vendor.qti.gnss@1.0.so;vendor.qti.gnss@1.1.so;vendor.qti.gnss@1.2.so;libhidlbase.so;liblog.so;libutils.so;libcutils.so;libc++.so;libc.so;libm.so;libdl.so;12 libraries
vendor.qti.gnss@2.1.so,1119,arch     arm,bits     64,endian   little,machine  ARM aarch64,os       android,False,False,False,[Linked libraries];android.hardware.gnss@1.0.so;vendor.qti.gnss@1.0.so;vendor.qti.gnss@1.1.so;vendor.qti.gnss@1.2.so;vendor.qti.gnss@2.0.so;libhidlbase.so;liblog.so;libutils.so;libcutils.so;libc++.so;libc.so;libm.so;libdl.so;13 libraries
vendor.qti.gnss@3.0.so,269,arch     arm,bits     64,endian   little,machine  ARM aarch64,os       android,False,False,False,[Linked libraries];android.hardware.gnss@1.0.so;vendor.qti.gnss@1.0.so;vendor.qti.gnss@1.1.so;vendor.qti.gnss@1.2.so;vendor.qti.gnss@2.0.so;vendor.qti.gnss@2.1.so;libhidlbase.so;liblog.so;libutils.so;libcutils.so;libc++.so;libc.so;libm.so;libdl.so;14 libraries
vendor.qti.gnss@4.0.so,467,arch     arm,bits     64,endian   little,machine  ARM aarch64,os       android,False,False,False,[Linked libraries];android.hardware.gnss@1.0.so;vendor.qti.gnss@1.0.so;vendor.qti.gnss@1.1.so;vendor.qti.gnss@1.2.so;vendor.qti.gnss@2.0.so;vendor.qti.gnss@2.1.so;vendor.qti.gnss@3.0.so;libhidlbase.so;liblog.so;libutils.so;libcutils.so;libc++.so;libc.so;libm.so;libdl.so;15 libraries
vendor.qti.gnss@4.1-impl.so,413,arch     arm,bits     64,endian   little,machine  ARM aarch64,os       android,False,False,False,[Linked libraries];liblog.so;libhidlbase.so;libutils.so;android.hardware.gnss@1.0.so;android.hardware.gnss@1.1.so;vendor.qti.gnss@1.0.so;vendor.qti.gnss@1.1.so;vendor.qti.gnss@1.2.so;vendor.qti.gnss@2.0.so;vendor.qti.gnss@2.1.so;vendor.qti.gnss@3.0.so;vendor.qti.gnss@4.0.so;vendor.qti.gnss@4.1.so;libloc_core.so;libgps.utils.so;liblocation_api.so;liblocationservice_glue.so;liblbs_core.so;libdataitems.so;liblocationservice.so;libxtadapter.so;libizat_core.so;libizat_client_api.so;libc++.so;libc.so;libm.so;libdl.so;27 libraries
vendor.qti.gnss@4.1-service.so,4,arch     arm,bits     64,endian   little,machine  ARM aarch64,os       android,False,False,False,[Linked libraries];liblog.so;libcutils.so;libbase.so;libutils.so;libgps.utils.so;libqti_vndfwk_detect.so;libhidlbase.so;android.hardware.gnss@1.0.so;android.hardware.gnss@1.1.so;android.hardware.gnss@2.0.so;vendor.qti.gnss@1.0.so;vendor.qti.gnss@1.1.so;vendor.qti.gnss@1.2.so;vendor.qti.gnss@2.0.so;vendor.qti.gnss@2.1.so;vendor.qti.gnss@3.0.so;vendor.qti.gnss@4.0.so;vendor.qti.gnss@4.1.so;libc++.so;libc.so;libm.so;libdl.so;22 libraries
vendor.qti.gnss@4.1.so,275,arch     arm,bits     64,endian   little,machine  ARM aarch64,os       android,False,False,False,[Linked libraries];android.hardware.gnss@1.0.so;vendor.qti.gnss@1.0.so;vendor.qti.gnss@1.1.so;vendor.qti.gnss@1.2.so;vendor.qti.gnss@2.0.so;vendor.qti.gnss@2.1.so;vendor.qti.gnss@3.0.so;vendor.qti.gnss@4.0.so;libhidlbase.so;liblog.so;libutils.so;libcutils.so;libc++.so;libc.so;libm.so;libdl.so;16 libraries
vendor.qti.hardware.alarm@1.0-impl.so,12,arch     arm,bits     64,endian   little,machine  ARM aarch64,os       android,False,False,False,[Linked libraries];libhidlbase.so;libutils.so;liblog.so;libcutils.so;libhardware.so;libbase.so;vendor.qti.hardware.alarm@1.0.so;libc++.so;libc.so;libm.so;libdl.so;11 libraries
vendor.qti.hardware.alarm@1.0.so,77,arch     arm,bits     64,endian   little,machine  ARM aarch64,os       android,False,False,False,[Linked libraries];libhidlbase.so;liblog.so;libutils.so;libcutils.so;libc++.so;libc.so;libm.so;libdl.so;8 libraries
vendor.qti.hardware.bluetooth_sar@1.0.so,68,arch     arm,bits     64,endian   little,machine  ARM aarch64,os       android,False,False,False,[Linked libraries];libhidlbase.so;liblog.so;libutils.so;libcutils.so;libc++.so;libc.so;libm.so;libdl.so;8 libraries
vendor.qti.hardware.bluetooth_sar@1.1-impl.so,27,arch     arm,bits     64,endian   little,machine  ARM aarch64,os       android,False,False,False,[Linked libraries];libhidlbase.so;libutils.so;liblog.so;libbase.so;libcutils.so;vendor.qti.hardware.bluetooth_sar@1.0.so;vendor.qti.hardware.bluetooth_sar@1.1.so;android.hardware.bluetooth@1.0-impl-qti.so;libc++.so;libc.so;libm.so;libdl.so;12 libraries
vendor.qti.hardware.bluetooth_sar@1.1.so,72,arch     arm,bits     64,endian   little,machine  ARM aarch64,os       android,False,False,False,[Linked libraries];vendor.qti.hardware.bluetooth_sar@1.0.so;libhidlbase.so;liblog.so;libutils.so;libcutils.so;libc++.so;libc.so;libm.so;libdl.so;9 libraries
vendor.qti.hardware.btconfigstore@2.0-impl.so,12,arch     arm,bits     64,endian   little,machine  ARM aarch64,os       android,False,False,False,[Linked libraries];libbase.so;libcutils.so;libhidlbase.so;liblog.so;libutils.so;vendor.qti.hardware.btconfigstore@2.0.so;android.hardware.bluetooth@1.0-impl-qti.so;libc++.so;libc.so;libm.so;libdl.so;11 libraries
vendor.qti.hardware.cacert@1.0.so,135,arch     arm,bits     64,endian   little,machine  ARM aarch64,os       android,False,False,False,[Linked libraries];libhidlbase.so;liblog.so;libutils.so;libcutils.so;libc++.so;libc.so;libm.so;libdl.so;8 libraries
vendor.qti.hardware.data.cne.internal.api@1.0.so,227,arch     arm,bits     64,endian   little,machine  ARM aarch64,os       android,False,False,False,[Linked libraries];vendor.qti.hardware.data.cne.internal.constants@1.0.so;libhidlbase.so;liblog.so;libutils.so;libcutils.so;libc++.so;libc.so;libm.so;libdl.so;9 libraries
vendor.qti.hardware.data.cne.internal.constants@1.0.so,3,arch     arm,bits     64,endian   little,machine  ARM aarch64,os       android,False,False,False,[Linked libraries];libhidlbase.so;liblog.so;libutils.so;libcutils.so;libc++.so;libc.so;libm.so;libdl.so;8 libraries
vendor.qti.hardware.data.cne.internal.server@1.0.so,195,arch     arm,bits     64,endian   little,machine  ARM aarch64,os       android,False,False,False,[Linked libraries];vendor.qti.hardware.data.cne.internal.constants@1.0.so;libhidlbase.so;liblog.so;libutils.so;libcutils.so;libc++.so;libc.so;libm.so;libdl.so;9 libraries
vendor.qti.hardware.data.connection@1.0.so,209,arch     arm,bits     64,endian   little,machine  ARM aarch64,os       android,False,False,False,[Linked libraries];libhidlbase.so;liblog.so;libutils.so;libcutils.so;libc++.so;libc.so;libm.so;libdl.so;8 libraries
vendor.qti.hardware.data.connection@1.1.so,74,arch     arm,bits     64,endian   little,machine  ARM aarch64,os       android,False,False,False,[Linked libraries];vendor.qti.hardware.data.connection@1.0.so;libhidlbase.so;liblog.so;libutils.so;libcutils.so;libc++.so;libc.so;libm.so;libdl.so;9 libraries
vendor.qti.hardware.data.dynamicdds@1.0.so,344,arch     arm,bits     64,endian   little,machine  ARM aarch64,os       android,False,False,False,[Linked libraries];libhidlbase.so;liblog.so;libutils.so;libcutils.so;libc++.so;libc.so;libm.so;libdl.so;8 libraries
vendor.qti.hardware.data.iwlan@1.0.so,245,arch     arm,bits     64,endian   little,machine  ARM aarch64,os       android,False,False,False,[Linked libraries];android.hardware.radio@1.0.so;android.hardware.radio@1.1.so;android.hardware.radio@1.2.so;android.hardware.radio@1.3.so;android.hardware.radio@1.4.so;libhidlbase.so;liblog.so;libutils.so;libcutils.so;libc++.so;libc.so;libm.so;libdl.so;13 libraries
vendor.qti.hardware.data.latency@1.0.so,198,arch     arm,bits     64,endian   little,machine  ARM aarch64,os       android,False,False,False,[Linked libraries];libhidlbase.so;liblog.so;libutils.so;libcutils.so;libc++.so;libc.so;libm.so;libdl.so;8 libraries
vendor.qti.hardware.data.lce@1.0.so,207,arch     arm,bits     64,endian   little,machine  ARM aarch64,os       android,False,False,False,[Linked libraries];libhidlbase.so;liblog.so;libutils.so;libcutils.so;libc++.so;libc.so;libm.so;libdl.so;8 libraries
vendor.qti.hardware.data.qmi@1.0.so,206,arch     arm,bits     64,endian   little,machine  ARM aarch64,os       android,False,False,False,[Linked libraries];libhidlbase.so;liblog.so;libutils.so;libcutils.so;libc++.so;libc.so;libm.so;libdl.so;8 libraries
vendor.qti.hardware.dsp@1.0.so,138,arch     arm,bits     16,endian   little,machine  ARM,os       android,False,False,False,[Linked libraries];libhidlbase.so;liblog.so;libutils.so;libcutils.so;libc++.so;libc.so;libm.so;libdl.so;8 libraries
vendor.qti.hardware.fm@1.0-impl.so,92,arch     arm,bits     64,endian   little,machine  ARM aarch64,os       android,False,False,False,[Linked libraries];libbase.so;libcutils.so;libhidlbase.so;liblog.so;libutils.so;vendor.qti.hardware.fm@1.0.so;android.hardware.bluetooth@1.0-impl-qti.so;libqmi_cci.so;libqmi.so;libqmiservices.so;libc++.so;libc.so;libm.so;libdl.so;14 libraries
vendor.qti.hardware.fm@1.0.so,142,arch     arm,bits     64,endian   little,machine  ARM aarch64,os       android,False,False,False,[Linked libraries];libhidlbase.so;liblog.so;libutils.so;libcutils.so;libc++.so;libc.so;libm.so;libdl.so;8 libraries
vendor.qti.hardware.mwqemadapter@1.0.so,149,arch     arm,bits     64,endian   little,machine  ARM aarch64,os       android,False,False,False,[Linked libraries];libhidlbase.so;liblog.so;libutils.so;libcutils.so;libc++.so;libc.so;libm.so;libdl.so;8 libraries
vendor.qti.hardware.qccsyshal@1.0.so,171,arch     arm,bits     64,endian   little,machine  ARM aarch64,os       android,False,False,False,[Linked libraries];libhidlbase.so;liblog.so;libutils.so;libcutils.so;libc++.so;libc.so;libm.so;libdl.so;8 libraries
vendor.qti.hardware.radio.am@1.0.so,139,arch     arm,bits     64,endian   little,machine  ARM aarch64,os       android,False,False,False,[Linked libraries];libhidlbase.so;liblog.so;libutils.so;libcutils.so;libc++.so;libc.so;libm.so;libdl.so;8 libraries
vendor.qti.hardware.radio.atcmdfwd@1.0.so,74,arch     arm,bits     64,endian   little,machine  ARM aarch64,os       android,False,False,False,[Linked libraries];libhidlbase.so;liblog.so;libutils.so;libcutils.so;libc++.so;libc.so;libm.so;libdl.so;8 libraries
vendor.qti.hardware.radio.ims@1.0.so,551,arch     arm,bits     64,endian   little,machine  ARM aarch64,os       android,False,False,False,[Linked libraries];libhidlbase.so;liblog.so;libutils.so;libcutils.so;libc++.so;libc.so;libm.so;libdl.so;8 libraries
vendor.qti.hardware.radio.ims@1.1.so,207,arch     arm,bits     64,endian   little,machine  ARM aarch64,os       android,False,False,False,[Linked libraries];vendor.qti.hardware.radio.ims@1.0.so;libhidlbase.so;liblog.so;libutils.so;libcutils.so;libc++.so;libc.so;libm.so;libdl.so;9 libraries
vendor.qti.hardware.radio.ims@1.2.so,351,arch     arm,bits     64,endian   little,machine  ARM aarch64,os       android,False,False,False,[Linked libraries];vendor.qti.hardware.radio.ims@1.0.so;vendor.qti.hardware.radio.ims@1.1.so;libhidlbase.so;liblog.so;libutils.so;libcutils.so;libc++.so;libc.so;libm.so;libdl.so;10 libraries
vendor.qti.hardware.radio.ims@1.3.so,357,arch     arm,bits     64,endian   little,machine  ARM aarch64,os       android,False,False,False,[Linked libraries];vendor.qti.hardware.radio.ims@1.0.so;vendor.qti.hardware.radio.ims@1.1.so;vendor.qti.hardware.radio.ims@1.2.so;libhidlbase.so;liblog.so;libutils.so;libcutils.so;libc++.so;libc.so;libm.so;libdl.so;11 libraries
vendor.qti.hardware.radio.ims@1.4.so,373,arch     arm,bits     64,endian   little,machine  ARM aarch64,os       android,False,False,False,[Linked libraries];vendor.qti.hardware.radio.ims@1.0.so;vendor.qti.hardware.radio.ims@1.1.so;vendor.qti.hardware.radio.ims@1.2.so;vendor.qti.hardware.radio.ims@1.3.so;libhidlbase.so;liblog.so;libutils.so;libcutils.so;libc++.so;libc.so;libm.so;libdl.so;12 libraries
vendor.qti.hardware.radio.ims@1.5.so,397,arch     arm,bits     64,endian   little,machine  ARM aarch64,os       android,False,False,False,[Linked libraries];vendor.qti.hardware.radio.ims@1.0.so;vendor.qti.hardware.radio.ims@1.1.so;vendor.qti.hardware.radio.ims@1.2.so;vendor.qti.hardware.radio.ims@1.3.so;vendor.qti.hardware.radio.ims@1.4.so;libhidlbase.so;liblog.so;libutils.so;libcutils.so;libc++.so;libc.so;libm.so;libdl.so;13 libraries
vendor.qti.hardware.radio.ims@1.6.so,462,arch     arm,bits     64,endian   little,machine  ARM aarch64,os       android,False,False,False,[Linked libraries];vendor.qti.hardware.radio.ims@1.0.so;vendor.qti.hardware.radio.ims@1.1.so;vendor.qti.hardware.radio.ims@1.2.so;vendor.qti.hardware.radio.ims@1.3.so;vendor.qti.hardware.radio.ims@1.4.so;vendor.qti.hardware.radio.ims@1.5.so;libhidlbase.so;liblog.so;libutils.so;libcutils.so;libc++.so;libc.so;libm.so;libdl.so;14 libraries
vendor.qti.hardware.radio.ims@1.7.so,423,arch     arm,bits     64,endian   little,machine  ARM aarch64,os       android,False,False,False,[Linked libraries];vendor.qti.hardware.radio.ims@1.0.so;vendor.qti.hardware.radio.ims@1.1.so;vendor.qti.hardware.radio.ims@1.2.so;vendor.qti.hardware.radio.ims@1.3.so;vendor.qti.hardware.radio.ims@1.4.so;vendor.qti.hardware.radio.ims@1.5.so;vendor.qti.hardware.radio.ims@1.6.so;libhidlbase.so;liblog.so;libutils.so;libcutils.so;libc++.so;libc.so;libm.so;libdl.so;15 libraries
vendor.qti.hardware.radio.internal.deviceinfo@1.0.so,216,arch     arm,bits     64,endian   little,machine  ARM aarch64,os       android,False,False,False,[Linked libraries];libhidlbase.so;liblog.so;libutils.so;libcutils.so;libc++.so;libc.so;libm.so;libdl.so;8 libraries
vendor.qti.hardware.radio.lpa@1.0.so,224,arch     arm,bits     64,endian   little,machine  ARM aarch64,os       android,False,False,False,[Linked libraries];libhidlbase.so;liblog.so;libutils.so;libcutils.so;libc++.so;libc.so;libm.so;libdl.so;8 libraries
vendor.qti.hardware.radio.lpa@1.1.so,148,arch     arm,bits     64,endian   little,machine  ARM aarch64,os       android,False,False,False,[Linked libraries];vendor.qti.hardware.radio.lpa@1.0.so;libhidlbase.so;liblog.so;libutils.so;libcutils.so;libc++.so;libc.so;libm.so;libdl.so;9 libraries
vendor.qti.hardware.radio.lpa@1.2.so,150,arch     arm,bits     64,endian   little,machine  ARM aarch64,os       android,False,False,False,[Linked libraries];vendor.qti.hardware.radio.lpa@1.0.so;vendor.qti.hardware.radio.lpa@1.1.so;libhidlbase.so;liblog.so;libutils.so;libcutils.so;libc++.so;libc.so;libm.so;libdl.so;10 libraries
vendor.qti.hardware.radio.qcrilhook@1.0.so,201,arch     arm,bits     64,endian   little,machine  ARM aarch64,os       android,False,False,False,[Linked libraries];libhidlbase.so;liblog.so;libutils.so;libcutils.so;libc++.so;libc.so;libm.so;libdl.so;8 libraries
vendor.qti.hardware.radio.qtiradio@1.0.so,201,arch     arm,bits     64,endian   little,machine  ARM aarch64,os       android,False,False,False,[Linked libraries];libhidlbase.so;liblog.so;libutils.so;libcutils.so;libc++.so;libc.so;libm.so;libdl.so;8 libraries
vendor.qti.hardware.radio.qtiradio@2.0.so,262,arch     arm,bits     64,endian   little,machine  ARM aarch64,os       android,False,False,False,[Linked libraries];android.hardware.radio@1.0.so;vendor.qti.hardware.radio.qtiradio@1.0.so;libhidlbase.so;liblog.so;libutils.so;libcutils.so;libc++.so;libc.so;libm.so;libdl.so;10 libraries
vendor.qti.hardware.radio.qtiradio@2.1.so,255,arch     arm,bits     64,endian   little,machine  ARM aarch64,os       android,False,False,False,[Linked libraries];android.hardware.radio@1.0.so;vendor.qti.hardware.radio.qtiradio@1.0.so;vendor.qti.hardware.radio.qtiradio@2.0.so;libhidlbase.so;liblog.so;libutils.so;libcutils.so;libc++.so;libc.so;libm.so;libdl.so;11 libraries
vendor.qti.hardware.radio.qtiradio@2.2.so,257,arch     arm,bits     64,endian   little,machine  ARM aarch64,os       android,False,False,False,[Linked libraries];android.hardware.radio@1.0.so;vendor.qti.hardware.radio.qtiradio@1.0.so;vendor.qti.hardware.radio.qtiradio@2.0.so;vendor.qti.hardware.radio.qtiradio@2.1.so;libhidlbase.so;liblog.so;libutils.so;libcutils.so;libc++.so;libc.so;libm.so;libdl.so;12 libraries
vendor.qti.hardware.radio.qtiradio@2.3.so,198,arch     arm,bits     64,endian   little,machine  ARM aarch64,os       android,False,False,False,[Linked libraries];android.hardware.radio@1.0.so;vendor.qti.hardware.radio.qtiradio@1.0.so;vendor.qti.hardware.radio.qtiradio@2.0.so;vendor.qti.hardware.radio.qtiradio@2.1.so;vendor.qti.hardware.radio.qtiradio@2.2.so;libhidlbase.so;liblog.so;libutils.so;libcutils.so;libc++.so;libc.so;libm.so;libdl.so;13 libraries
vendor.qti.hardware.radio.qtiradio@2.4.so,198,arch     arm,bits     64,endian   little,machine  ARM aarch64,os       android,False,False,False,[Linked libraries];android.hardware.radio@1.0.so;android.hardware.radio@1.1.so;vendor.qti.hardware.radio.qtiradio@1.0.so;vendor.qti.hardware.radio.qtiradio@2.0.so;vendor.qti.hardware.radio.qtiradio@2.1.so;vendor.qti.hardware.radio.qtiradio@2.2.so;vendor.qti.hardware.radio.qtiradio@2.3.so;libhidlbase.so;liblog.so;libutils.so;libcutils.so;libc++.so;libc.so;libm.so;libdl.so;15 libraries
vendor.qti.hardware.radio.uim@1.0.so,198,arch     arm,bits     64,endian   little,machine  ARM aarch64,os       android,False,False,False,[Linked libraries];libhidlbase.so;liblog.so;libutils.so;libcutils.so;libc++.so;libc.so;libm.so;libdl.so;8 libraries
vendor.qti.hardware.radio.uim@1.1.so,145,arch     arm,bits     64,endian   little,machine  ARM aarch64,os       android,False,False,False,[Linked libraries];vendor.qti.hardware.radio.uim@1.0.so;libhidlbase.so;liblog.so;libutils.so;libcutils.so;libc++.so;libc.so;libm.so;libdl.so;9 libraries
vendor.qti.hardware.radio.uim@1.2.so,160,arch     arm,bits     64,endian   little,machine  ARM aarch64,os       android,False,False,False,[Linked libraries];vendor.qti.hardware.radio.uim@1.0.so;vendor.qti.hardware.radio.uim@1.1.so;libhidlbase.so;liblog.so;libutils.so;libcutils.so;libc++.so;libc.so;libm.so;libdl.so;10 libraries
vendor.qti.hardware.radio.uim_remote_client@1.0.so,224,arch     arm,bits     64,endian   little,machine  ARM aarch64,os       android,False,False,False,[Linked libraries];libhidlbase.so;liblog.so;libutils.so;libcutils.so;libc++.so;libc.so;libm.so;libdl.so;8 libraries
vendor.qti.hardware.radio.uim_remote_client@1.1.so,77,arch     arm,bits     64,endian   little,machine  ARM aarch64,os       android,False,False,False,[Linked libraries];vendor.qti.hardware.radio.uim_remote_client@1.0.so;libhidlbase.so;liblog.so;libutils.so;libcutils.so;libc++.so;libc.so;libm.so;libdl.so;9 libraries
vendor.qti.hardware.radio.uim_remote_client@1.2.so,83,arch     arm,bits     64,endian   little,machine  ARM aarch64,os       android,False,False,False,[Linked libraries];vendor.qti.hardware.radio.uim_remote_client@1.0.so;vendor.qti.hardware.radio.uim_remote_client@1.1.so;libhidlbase.so;liblog.so;libutils.so;libcutils.so;libc++.so;libc.so;libm.so;libdl.so;10 libraries
vendor.qti.hardware.radio.uim_remote_server@1.0.so,249,arch     arm,bits     64,endian   little,machine  ARM aarch64,os       android,False,False,False,[Linked libraries];libhidlbase.so;liblog.so;libutils.so;libcutils.so;libc++.so;libc.so;libm.so;libdl.so;8 libraries
vendor.qti.hardware.slmadapter@1.0.so,149,arch     arm,bits     64,endian   little,machine  ARM aarch64,os       android,False,False,False,[Linked libraries];libhidlbase.so;liblog.so;libutils.so;libcutils.so;libc++.so;libc.so;libm.so;libdl.so;8 libraries
vendor.qti.hardware.tui_comm@1.0.so,159,arch     arm,bits     64,endian   little,machine  ARM aarch64,os       android,False,False,False,[Linked libraries];libhidlbase.so;liblog.so;libutils.so;libcutils.so;libc++.so;libc.so;libm.so;libdl.so;8 libraries
vendor.qti.ims.callcapability@1.0.so,137,arch     arm,bits     64,endian   little,machine  ARM aarch64,os       android,False,False,False,[Linked libraries];libhidlbase.so;liblog.so;libutils.so;libcutils.so;libc++.so;libc.so;libm.so;libdl.so;8 libraries
vendor.qti.ims.callinfo@1.0.so,133,arch     arm,bits     64,endian   little,machine  ARM aarch64,os       android,False,False,False,[Linked libraries];libhidlbase.so;liblog.so;libutils.so;libcutils.so;libc++.so;libc.so;libm.so;libdl.so;8 libraries
vendor.qti.ims.factory@1.0.so,71,arch     arm,bits     64,endian   little,machine  ARM aarch64,os       android,False,False,False,[Linked libraries];vendor.qti.ims.callcapability@1.0.so;vendor.qti.ims.rcsconfig@2.0.so;libhidlbase.so;liblog.so;libutils.so;libcutils.so;libc++.so;libc.so;libm.so;libdl.so;10 libraries
vendor.qti.ims.factory@1.1.so,73,arch     arm,bits     64,endian   little,machine  ARM aarch64,os       android,False,False,False,[Linked libraries];vendor.qti.ims.callcapability@1.0.so;vendor.qti.ims.factory@1.0.so;vendor.qti.ims.rcsconfig@2.0.so;vendor.qti.ims.rcsconfig@2.1.so;libhidlbase.so;liblog.so;libutils.so;libcutils.so;libc++.so;libc.so;libm.so;libdl.so;12 libraries
vendor.qti.ims.rcsconfig@1.0.so,200,arch     arm,bits     64,endian   little,machine  ARM aarch64,os       android,False,False,False,[Linked libraries];libhidlbase.so;liblog.so;libutils.so;libcutils.so;libc++.so;libc.so;libm.so;libdl.so;8 libraries
vendor.qti.ims.rcsconfig@1.1.so,217,arch     arm,bits     64,endian   little,machine  ARM aarch64,os       android,False,False,False,[Linked libraries];vendor.qti.ims.rcsconfig@1.0.so;libhidlbase.so;liblog.so;libutils.so;libcutils.so;libc++.so;libc.so;libm.so;libdl.so;9 libraries
vendor.qti.ims.rcsconfig@2.0.so,416,arch     arm,bits     64,endian   little,machine  ARM aarch64,os       android,False,False,False,[Linked libraries];libhidlbase.so;liblog.so;libutils.so;libcutils.so;libc++.so;libc.so;libm.so;libdl.so;8 libraries
vendor.qti.ims.rcsconfig@2.1.so,149,arch     arm,bits     64,endian   little,machine  ARM aarch64,os       android,False,False,False,[Linked libraries];vendor.qti.ims.rcsconfig@2.0.so;libhidlbase.so;liblog.so;libutils.so;libcutils.so;libc++.so;libc.so;libm.so;libdl.so;9 libraries
vendor.qti.imsrtpservice@3.0-service-Impl.so,83,arch     arm,bits     64,endian   little,machine  ARM aarch64,os       android,False,False,False,[Linked libraries];liblog.so;libcutils.so;libbase.so;libutils.so;libhardware_legacy.so;libhardware.so;libhidlbase.so;libdiag.so;vendor.qti.imsrtpservice@3.0.so;libc++.so;libc.so;libm.so;libdl.so;13 libraries
vendor.qti.imsrtpservice@3.0.so,194,arch     arm,bits     64,endian   little,machine  ARM aarch64,os       android,False,False,False,[Linked libraries];libhidlbase.so;liblog.so;libutils.so;libcutils.so;libc++.so;libc.so;libm.so;libdl.so;8 libraries
vendor.qti.latency@2.0.so,133,arch     arm,bits     64,endian   little,machine  ARM aarch64,os       android,False,False,False,[Linked libraries];libhidlbase.so;liblog.so;libutils.so;libcutils.so;libc++.so;libc.so;libm.so;libdl.so;8 libraries
vendor.qti.latency@2.1.so,73,arch     arm,bits     64,endian   little,machine  ARM aarch64,os       android,False,False,False,[Linked libraries];vendor.qti.latency@2.0.so;libhidlbase.so;liblog.so;libutils.so;libcutils.so;libc++.so;libc.so;libm.so;libdl.so;9 libraries
vulkan.adreno.so,248,arch     arm,bits     16,endian   little,machine  ARM,os       android,False,False,False,[Linked libraries];libadreno_utils.so;libgsl.so;libz.so;liblog.so;libllvm-glnext.so;libcutils.so;libhardware.so;libnativewindow.so;vendor.qti.hardware.display.mapper@2.0.so;android.hardware.graphics.mapper@2.0.so;vendor.qti.hardware.display.mapper@3.0.so;android.hardware.graphics.mapper@3.0.so;vendor.qti.hardware.display.mapperextensions@1.1.so;libhidlbase.so;libutils.so;libc++.so;libc.so;libm.so;libdl.so;19 libraries
